
  .   ____          _            __ _ _
 /\\ / ___'_ __ _ _(_)_ __  __ _ \ \ \ \
( ( )\___ | '_ | '_| | '_ \/ _` | \ \ \ \
 \\/  ___)| |_)| | | | | || (_| |  ) ) ) )
  '  |____| .__|_| |_|_| |_\__, | / / / /
 =========|_|==============|___/=/_/_/_/

 :: Spring Boot ::                (v4.1.1)

2026-10-08T12:54:04.466+09:00  INFO 15712 --- [free-form-janken] [           main] com.example.janken.JankenApplication     : Starting JankenApplication v0.0.1-SNAPSHOT using Java 21.0.11 with PID 15712 (C:\exPractice\free-form-janken\build\libs\free-form-janken-0.0.1-SNAPSHOT.jar started by academia in C:\exPractice\free-form-janken)
2026-10-08T12:54:04.477+09:00  INFO 15712 --- [free-form-janken] [           main] com.example.janken.JankenApplication     : No active profile set, falling back to 1 default profile: "default"
2026-10-08T12:54:04.480+09:00 DEBUG 15712 --- [free-form-janken] [           main] o.s.boot.SpringApplication               : Loading source class com.example.janken.JankenApplication
2026-10-08T12:54:04.607+09:00 DEBUG 15712 --- [free-form-janken] [           main] ConfigServletWebServerApplicationContext : Refreshing org.springframework.boot.web.server.servlet.context.AnnotationConfigServletWebServerApplicationContext@13d73fa
2026-10-08T12:54:06.313+09:00 TRACE 15712 --- [free-form-janken] [           main] s.a.ScheduledAnnotationBeanPostProcessor : No @Scheduled annotations found on bean class: class org.springframework.boot.context.properties.BoundConfigurationProperties
2026-10-08T12:54:06.340+09:00 TRACE 15712 --- [free-form-janken] [           main] s.a.ScheduledAnnotationBeanPostProcessor : No @Scheduled annotations found on bean class: class org.springframework.boot.tomcat.autoconfigure.TomcatServerProperties
2026-10-08T12:54:06.357+09:00 TRACE 15712 --- [free-form-janken] [           main] s.a.ScheduledAnnotationBeanPostProcessor : No @Scheduled annotations found on bean class: class org.springframework.boot.tomcat.autoconfigure.servlet.TomcatServletWebServerAutoConfiguration
2026-10-08T12:54:06.418+09:00 TRACE 15712 --- [free-form-janken] [           main] s.a.ScheduledAnnotationBeanPostProcessor : No @Scheduled annotations found on bean class: class org.springframework.boot.web.server.autoconfigure.servlet.ServletWebServerConfiguration
2026-10-08T12:54:06.616+09:00 TRACE 15712 --- [free-form-janken] [           main] s.a.ScheduledAnnotationBeanPostProcessor : No @Scheduled annotations found on bean class: class org.springframework.boot.web.server.autoconfigure.ServerProperties
2026-10-08T12:54:06.635+09:00 TRACE 15712 --- [free-form-janken] [           main] s.a.ScheduledAnnotationBeanPostProcessor : No @Scheduled annotations found on bean class: class org.springframework.boot.autoconfigure.ssl.SslProperties
2026-10-08T12:54:06.650+09:00 TRACE 15712 --- [free-form-janken] [           main] s.a.ScheduledAnnotationBeanPostProcessor : No @Scheduled annotations found on bean class: class org.springframework.boot.autoconfigure.ssl.SslAutoConfiguration
2026-10-08T12:54:06.671+09:00 TRACE 15712 --- [free-form-janken] [           main] s.a.ScheduledAnnotationBeanPostProcessor : No @Scheduled annotations found on bean class: class org.springframework.boot.autoconfigure.ssl.FileWatcher
2026-10-08T12:54:06.685+09:00 TRACE 15712 --- [free-form-janken] [           main] s.a.ScheduledAnnotationBeanPostProcessor : No @Scheduled annotations found on bean class: class org.springframework.boot.autoconfigure.ssl.SslPropertiesBundleRegistrar
2026-10-08T12:54:06.710+09:00 TRACE 15712 --- [free-form-janken] [           main] s.a.ScheduledAnnotationBeanPostProcessor : No @Scheduled annotations found on bean class: class org.springframework.boot.ssl.DefaultSslBundleRegistry
2026-10-08T12:54:06.714+09:00 TRACE 15712 --- [free-form-janken] [           main] s.a.ScheduledAnnotationBeanPostProcessor : No @Scheduled annotations found on bean class: class org.springframework.boot.web.server.autoconfigure.servlet.ServletWebServerFactoryCustomizer
2026-10-08T12:54:06.717+09:00 TRACE 15712 --- [free-form-janken] [           main] s.a.ScheduledAnnotationBeanPostProcessor : No @Scheduled annotations found on bean class: class org.springframework.boot.tomcat.autoconfigure.TomcatWebServerConfiguration$TomcatWebSocketConfiguration
2026-10-08T12:54:06.720+09:00 TRACE 15712 --- [free-form-janken] [           main] s.a.ScheduledAnnotationBeanPostProcessor : No @Scheduled annotations found on bean class: class org.springframework.boot.tomcat.autoconfigure.WebSocketTomcatWebServerFactoryCustomizer
2026-10-08T12:54:06.728+09:00 TRACE 15712 --- [free-form-janken] [           main] s.a.ScheduledAnnotationBeanPostProcessor : No @Scheduled annotations found on bean class: class org.springframework.boot.tomcat.autoconfigure.TomcatWebServerConfiguration
2026-10-08T12:54:06.743+09:00 TRACE 15712 --- [free-form-janken] [           main] s.a.ScheduledAnnotationBeanPostProcessor : No @Scheduled annotations found on bean class: class org.springframework.boot.autoconfigure.web.WebProperties
2026-10-08T12:54:06.750+09:00 TRACE 15712 --- [free-form-janken] [           main] s.a.ScheduledAnnotationBeanPostProcessor : No @Scheduled annotations found on bean class: class org.springframework.boot.tomcat.autoconfigure.TomcatWebServerFactoryCustomizer
2026-10-08T12:54:06.753+09:00 TRACE 15712 --- [free-form-janken] [           main] s.a.ScheduledAnnotationBeanPostProcessor : No @Scheduled annotations found on bean class: class org.springframework.boot.tomcat.autoconfigure.servlet.TomcatServletWebServerFactoryCustomizer
2026-10-08T12:54:06.820+09:00 TRACE 15712 --- [free-form-janken] [           main] s.a.ScheduledAnnotationBeanPostProcessor : No @Scheduled annotations found on bean class: class org.springframework.boot.webmvc.autoconfigure.error.ErrorMvcAutoConfiguration
2026-10-08T12:54:06.824+09:00 TRACE 15712 --- [free-form-janken] [           main] s.a.ScheduledAnnotationBeanPostProcessor : No @Scheduled annotations found on bean class: class org.springframework.boot.webmvc.autoconfigure.DispatcherServletAutoConfiguration$DispatcherServletRegistrationConfiguration
2026-10-08T12:54:06.827+09:00 TRACE 15712 --- [free-form-janken] [           main] s.a.ScheduledAnnotationBeanPostProcessor : No @Scheduled annotations found on bean class: class org.springframework.boot.webmvc.autoconfigure.DispatcherServletAutoConfiguration$DispatcherServletConfiguration
2026-10-08T12:54:06.841+09:00 TRACE 15712 --- [free-form-janken] [           main] s.a.ScheduledAnnotationBeanPostProcessor : No @Scheduled annotations found on bean class: class org.springframework.boot.webmvc.autoconfigure.WebMvcProperties
2026-10-08T12:54:06.876+09:00 TRACE 15712 --- [free-form-janken] [           main] s.a.ScheduledAnnotationBeanPostProcessor : No @Scheduled annotations found on bean class: class org.springframework.web.servlet.DispatcherServlet
2026-10-08T12:54:06.894+09:00 TRACE 15712 --- [free-form-janken] [           main] s.a.ScheduledAnnotationBeanPostProcessor : No @Scheduled annotations found on bean class: class org.springframework.boot.servlet.autoconfigure.MultipartProperties
2026-10-08T12:54:06.896+09:00 TRACE 15712 --- [free-form-janken] [           main] s.a.ScheduledAnnotationBeanPostProcessor : No @Scheduled annotations found on bean class: class org.springframework.boot.servlet.autoconfigure.MultipartAutoConfiguration
2026-10-08T12:54:06.900+09:00 TRACE 15712 --- [free-form-janken] [           main] s.a.ScheduledAnnotationBeanPostProcessor : No @Scheduled annotations found on bean class: class jakarta.servlet.MultipartConfigElement
2026-10-08T12:54:06.907+09:00 TRACE 15712 --- [free-form-janken] [           main] s.a.ScheduledAnnotationBeanPostProcessor : No @Scheduled annotations found on bean class: class org.springframework.boot.webmvc.autoconfigure.DispatcherServletRegistrationBean
2026-10-08T12:54:06.910+09:00 TRACE 15712 --- [free-form-janken] [           main] s.a.ScheduledAnnotationBeanPostProcessor : No @Scheduled annotations found on bean class: class org.springframework.boot.webmvc.autoconfigure.error.ErrorMvcAutoConfiguration$ErrorPageCustomizer
2026-10-08T12:54:06.915+09:00 TRACE 15712 --- [free-form-janken] [           main] s.a.ScheduledAnnotationBeanPostProcessor : No @Scheduled annotations found on bean class: class org.springframework.boot.tomcat.servlet.TomcatServletWebServerFactory
2026-10-08T12:54:07.133+09:00 DEBUG 15712 --- [free-form-janken] [           main] o.s.b.t.s.TomcatServletWebServerFactory  : Code archive: C:\exPractice\free-form-janken\build\libs\free-form-janken-0.0.1-SNAPSHOT.jar
2026-10-08T12:54:07.135+09:00 DEBUG 15712 --- [free-form-janken] [           main] o.s.b.t.s.TomcatServletWebServerFactory  : Code archive: C:\exPractice\free-form-janken\build\libs\free-form-janken-0.0.1-SNAPSHOT.jar
2026-10-08T12:54:07.137+09:00 DEBUG 15712 --- [free-form-janken] [           main] o.s.b.t.s.TomcatServletWebServerFactory  : None of the document roots [src/main/webapp, public, static] point to a directory and will be ignored.
2026-10-08T12:54:07.198+09:00  INFO 15712 --- [free-form-janken] [           main] o.s.boot.tomcat.TomcatWebServer          : Tomcat initialized with port 18016 (http)
2026-10-08T12:54:07.236+09:00  INFO 15712 --- [free-form-janken] [           main] o.apache.catalina.core.StandardService   : Starting service [Tomcat]
2026-10-08T12:54:07.238+09:00  INFO 15712 --- [free-form-janken] [           main] o.apache.catalina.core.StandardEngine    : Starting Servlet engine: [Apache Tomcat/11.0.24]
2026-10-08T12:54:07.325+09:00 DEBUG 15712 --- [free-form-janken] [           main] b.w.c.s.WebApplicationContextInitializer : Published root WebApplicationContext as ServletContext attribute with name [org.springframework.web.context.WebApplicationContext.ROOT]
2026-10-08T12:54:07.327+09:00  INFO 15712 --- [free-form-janken] [           main] b.w.c.s.WebApplicationContextInitializer : Root WebApplicationContext: initialization completed in 2718 ms
2026-10-08T12:54:07.355+09:00 TRACE 15712 --- [free-form-janken] [           main] s.a.ScheduledAnnotationBeanPostProcessor : No @Scheduled annotations found on bean class: class org.springframework.boot.servlet.filter.OrderedRequestContextFilter
2026-10-08T12:54:07.362+09:00 TRACE 15712 --- [free-form-janken] [           main] s.a.ScheduledAnnotationBeanPostProcessor : No @Scheduled annotations found on bean class: class org.springframework.boot.webmvc.autoconfigure.WebMvcAutoConfiguration
2026-10-08T12:54:07.373+09:00 TRACE 15712 --- [free-form-janken] [           main] s.a.ScheduledAnnotationBeanPostProcessor : No @Scheduled annotations found on bean class: class org.springframework.boot.servlet.filter.OrderedFormContentFilter
2026-10-08T12:54:07.376+09:00 TRACE 15712 --- [free-form-janken] [           main] s.a.ScheduledAnnotationBeanPostProcessor : No @Scheduled annotations found on bean class: class org.springframework.boot.servlet.autoconfigure.HttpEncodingAutoConfiguration
2026-10-08T12:54:07.383+09:00 TRACE 15712 --- [free-form-janken] [           main] s.a.ScheduledAnnotationBeanPostProcessor : No @Scheduled annotations found on bean class: class org.springframework.boot.servlet.autoconfigure.ServletEncodingProperties
2026-10-08T12:54:07.389+09:00 TRACE 15712 --- [free-form-janken] [           main] s.a.ScheduledAnnotationBeanPostProcessor : No @Scheduled annotations found on bean class: class org.springframework.boot.servlet.filter.OrderedCharacterEncodingFilter
2026-10-08T12:54:07.401+09:00 DEBUG 15712 --- [free-form-janken] [           main] o.s.b.w.s.ServletContextInitializerBeans : Mapping filters: characterEncodingFilter urls=[/*] order=-2147483648, formContentFilter urls=[/*] order=-9900, requestContextFilter urls=[/*] order=-105
2026-10-08T12:54:07.402+09:00 DEBUG 15712 --- [free-form-janken] [           main] o.s.b.w.s.ServletContextInitializerBeans : Mapping servlets: dispatcherServlet urls=[/]
2026-10-08T12:54:07.492+09:00 DEBUG 15712 --- [free-form-janken] [           main] o.s.b.s.f.OrderedRequestContextFilter    : Filter 'requestContextFilter' configured for use
2026-10-08T12:54:07.501+09:00 DEBUG 15712 --- [free-form-janken] [           main] o.s.b.s.f.OrderedCharacterEncodingFilter : Filter 'characterEncodingFilter' configured for use
2026-10-08T12:54:07.503+09:00 DEBUG 15712 --- [free-form-janken] [           main] o.s.b.s.filter.OrderedFormContentFilter  : Filter 'formContentFilter' configured for use
2026-10-08T12:54:07.545+09:00 TRACE 15712 --- [free-form-janken] [           main] s.a.ScheduledAnnotationBeanPostProcessor : No @Scheduled annotations found on bean class: class org.springframework.boot.autoconfigure.task.TaskExecutorConfigurations$TaskExecutorConfiguration
2026-10-08T12:54:07.550+09:00 TRACE 15712 --- [free-form-janken] [           main] s.a.ScheduledAnnotationBeanPostProcessor : No @Scheduled annotations found on bean class: class org.springframework.boot.autoconfigure.task.TaskExecutorConfigurations$ThreadPoolTaskExecutorBuilderConfiguration
2026-10-08T12:54:07.574+09:00 TRACE 15712 --- [free-form-janken] [           main] s.a.ScheduledAnnotationBeanPostProcessor : No @Scheduled annotations found on bean class: class org.springframework.boot.autoconfigure.task.TaskExecutionProperties
2026-10-08T12:54:07.587+09:00 TRACE 15712 --- [free-form-janken] [           main] s.a.ScheduledAnnotationBeanPostProcessor : No @Scheduled annotations found on bean class: class org.springframework.boot.task.ThreadPoolTaskExecutorBuilder
2026-10-08T12:54:07.623+09:00 TRACE 15712 --- [free-form-janken] [           main] s.a.ScheduledAnnotationBeanPostProcessor : No @Scheduled annotations found on bean class: class org.springframework.scheduling.concurrent.ThreadPoolTaskExecutor
2026-10-08T12:54:07.639+09:00 TRACE 15712 --- [free-form-janken] [           main] s.a.ScheduledAnnotationBeanPostProcessor : No @Scheduled annotations found on bean class: class com.example.janken.JankenApplication
2026-10-08T12:54:07.655+09:00 TRACE 15712 --- [free-form-janken] [           main] s.a.ScheduledAnnotationBeanPostProcessor : No @Scheduled annotations found on bean class: class com.example.janken.config.TimeConfiguration$$SpringCGLIB$$0
2026-10-08T12:54:07.686+09:00 TRACE 15712 --- [free-form-janken] [           main] s.a.ScheduledAnnotationBeanPostProcessor : No @Scheduled annotations found on bean class: class com.example.janken.store.GameStateLock
2026-10-08T12:54:07.694+09:00 TRACE 15712 --- [free-form-janken] [           main] s.a.ScheduledAnnotationBeanPostProcessor : No @Scheduled annotations found on bean class: class com.example.janken.store.UserStore
2026-10-08T12:54:07.703+09:00 TRACE 15712 --- [free-form-janken] [           main] s.a.ScheduledAnnotationBeanPostProcessor : No @Scheduled annotations found on bean class: class com.example.janken.service.SessionUserAccess
2026-10-08T12:54:07.712+09:00 TRACE 15712 --- [free-form-janken] [           main] s.a.ScheduledAnnotationBeanPostProcessor : No @Scheduled annotations found on bean class: class com.example.janken.store.RoomStore
2026-10-08T12:54:07.729+09:00 TRACE 15712 --- [free-form-janken] [           main] s.a.ScheduledAnnotationBeanPostProcessor : No @Scheduled annotations found on bean class: class com.example.janken.store.MatchStore
2026-10-08T12:54:07.746+09:00 TRACE 15712 --- [free-form-janken] [           main] s.a.ScheduledAnnotationBeanPostProcessor : No @Scheduled annotations found on bean class: class com.example.janken.service.RoundJudgeService
2026-10-08T12:54:07.767+09:00 TRACE 15712 --- [free-form-janken] [           main] s.a.ScheduledAnnotationBeanPostProcessor : No @Scheduled annotations found on bean class: class com.example.janken.store.MatchResultStore
2026-10-08T12:54:07.775+09:00 TRACE 15712 --- [free-form-janken] [           main] s.a.ScheduledAnnotationBeanPostProcessor : No @Scheduled annotations found on bean class: class com.example.janken.service.MatchResultService
2026-10-08T12:54:07.787+09:00 TRACE 15712 --- [free-form-janken] [           main] s.a.ScheduledAnnotationBeanPostProcessor : No @Scheduled annotations found on bean class: class com.example.janken.service.MatchService
2026-10-08T12:54:07.791+09:00 TRACE 15712 --- [free-form-janken] [           main] s.a.ScheduledAnnotationBeanPostProcessor : No @Scheduled annotations found on bean class: class com.example.janken.service.RoomService
2026-10-08T12:54:07.803+09:00 TRACE 15712 --- [free-form-janken] [           main] s.a.ScheduledAnnotationBeanPostProcessor : No @Scheduled annotations found on bean class: class com.example.janken.service.AuthService
2026-10-08T12:54:07.820+09:00 TRACE 15712 --- [free-form-janken] [           main] s.a.ScheduledAnnotationBeanPostProcessor : No @Scheduled annotations found on bean class: class com.example.janken.service.ScreenService
2026-10-08T12:54:07.823+09:00 TRACE 15712 --- [free-form-janken] [           main] s.a.ScheduledAnnotationBeanPostProcessor : No @Scheduled annotations found on bean class: class com.example.janken.controller.ScreenRenderer
2026-10-08T12:54:07.826+09:00 TRACE 15712 --- [free-form-janken] [           main] s.a.ScheduledAnnotationBeanPostProcessor : No @Scheduled annotations found on bean class: class com.example.janken.controller.AuthController
2026-10-08T12:54:07.841+09:00 TRACE 15712 --- [free-form-janken] [           main] s.a.ScheduledAnnotationBeanPostProcessor : No @Scheduled annotations found on bean class: class com.example.janken.controller.GameController
2026-10-08T12:54:07.852+09:00 TRACE 15712 --- [free-form-janken] [           main] s.a.ScheduledAnnotationBeanPostProcessor : No @Scheduled annotations found on bean class: class com.example.janken.controller.HtmlErrorHandler
2026-10-08T12:54:07.879+09:00 TRACE 15712 --- [free-form-janken] [           main] s.a.ScheduledAnnotationBeanPostProcessor : No @Scheduled annotations found on bean class: class com.example.janken.service.OriginalHandService
2026-10-08T12:54:07.883+09:00 TRACE 15712 --- [free-form-janken] [           main] s.a.ScheduledAnnotationBeanPostProcessor : No @Scheduled annotations found on bean class: class com.example.janken.controller.OriginalHandController
2026-10-08T12:54:07.892+09:00 TRACE 15712 --- [free-form-janken] [           main] s.a.ScheduledAnnotationBeanPostProcessor : No @Scheduled annotations found on bean class: class com.example.janken.controller.RoomController
2026-10-08T12:54:07.912+09:00 TRACE 15712 --- [free-form-janken] [           main] s.a.ScheduledAnnotationBeanPostProcessor : No @Scheduled annotations found on bean class: class com.example.janken.service.StatusService
2026-10-08T12:54:07.921+09:00 TRACE 15712 --- [free-form-janken] [           main] s.a.ScheduledAnnotationBeanPostProcessor : No @Scheduled annotations found on bean class: class com.example.janken.controller.StatusApiController
2026-10-08T12:54:07.987+09:00 TRACE 15712 --- [free-form-janken] [           main] s.a.ScheduledAnnotationBeanPostProcessor : 1 @Scheduled methods processed on bean 'disconnectMonitor': {public void com.example.janken.scheduler.DisconnectMonitor.runChecks()=[@org.springframework.scheduling.annotation.Scheduled(scheduler="", cron="", fixedRateString="", zone="", fixedDelay=-1L, fixedRate=1000L, initialDelayString="", initialDelay=-1L, timeUnit=MILLISECONDS, fixedDelayString="")]}
2026-10-08T12:54:07.996+09:00 TRACE 15712 --- [free-form-janken] [           main] s.a.ScheduledAnnotationBeanPostProcessor : 1 @Scheduled methods processed on bean 'matchTransitionScheduler': {public void com.example.janken.scheduler.MatchTransitionScheduler.runTransitions()=[@org.springframework.scheduling.annotation.Scheduled(scheduler="", cron="", fixedRateString="", zone="", fixedDelay=-1L, fixedRate=500L, initialDelayString="", initialDelay=-1L, timeUnit=MILLISECONDS, fixedDelayString="")]}
2026-10-08T12:54:07.999+09:00 TRACE 15712 --- [free-form-janken] [           main] s.a.ScheduledAnnotationBeanPostProcessor : No @Scheduled annotations found on bean class: class org.springframework.boot.autoconfigure.AutoConfigurationPackages$BasePackages
2026-10-08T12:54:08.002+09:00 TRACE 15712 --- [free-form-janken] [           main] s.a.ScheduledAnnotationBeanPostProcessor : No @Scheduled annotations found on bean class: class org.springframework.boot.autoconfigure.context.PropertyPlaceholderAutoConfiguration
2026-10-08T12:54:08.007+09:00 TRACE 15712 --- [free-form-janken] [           main] s.a.ScheduledAnnotationBeanPostProcessor : No @Scheduled annotations found on bean class: class org.springframework.boot.webmvc.autoconfigure.DispatcherServletAutoConfiguration
2026-10-08T12:54:08.016+09:00 TRACE 15712 --- [free-form-janken] [           main] s.a.ScheduledAnnotationBeanPostProcessor : No @Scheduled annotations found on bean class: class org.springframework.boot.autoconfigure.task.TaskExecutorConfigurations$SimpleAsyncTaskExecutorBuilderConfiguration
2026-10-08T12:54:08.027+09:00 TRACE 15712 --- [free-form-janken] [           main] s.a.ScheduledAnnotationBeanPostProcessor : No @Scheduled annotations found on bean class: class org.springframework.boot.task.SimpleAsyncTaskExecutorBuilder
2026-10-08T12:54:08.033+09:00 TRACE 15712 --- [free-form-janken] [           main] s.a.ScheduledAnnotationBeanPostProcessor : No @Scheduled annotations found on bean class: class org.springframework.boot.autoconfigure.task.TaskExecutorConfigurations$AsyncConfigurerConfiguration
2026-10-08T12:54:08.038+09:00 TRACE 15712 --- [free-form-janken] [           main] s.a.ScheduledAnnotationBeanPostProcessor : No @Scheduled annotations found on bean class: class org.springframework.boot.autoconfigure.task.TaskExecutorConfigurations$ApplicationTaskExecutorAsyncConfigurer
2026-10-08T12:54:08.040+09:00 TRACE 15712 --- [free-form-janken] [           main] s.a.ScheduledAnnotationBeanPostProcessor : No @Scheduled annotations found on bean class: class org.springframework.boot.autoconfigure.task.TaskExecutorConfigurations$BootstrapExecutorConfiguration
2026-10-08T12:54:08.042+09:00 TRACE 15712 --- [free-form-janken] [           main] s.a.ScheduledAnnotationBeanPostProcessor : No @Scheduled annotations found on bean class: class org.springframework.boot.autoconfigure.task.TaskExecutionAutoConfiguration
2026-10-08T12:54:08.048+09:00 TRACE 15712 --- [free-form-janken] [           main] s.a.ScheduledAnnotationBeanPostProcessor : No @Scheduled annotations found on bean class: class org.springframework.boot.validation.autoconfigure.ValidationAutoConfiguration
2026-10-08T12:54:08.108+09:00 TRACE 15712 --- [free-form-janken] [           main] s.a.ScheduledAnnotationBeanPostProcessor : No @Scheduled annotations found on bean class: class org.springframework.validation.beanvalidation.LocalValidatorFactoryBean
2026-10-08T12:54:08.123+09:00 TRACE 15712 --- [free-form-janken] [           main] s.a.ScheduledAnnotationBeanPostProcessor : No @Scheduled annotations found on bean class: class org.springframework.boot.webmvc.autoconfigure.error.ErrorMvcAutoConfiguration$WhitelabelErrorViewConfiguration
2026-10-08T12:54:08.125+09:00 TRACE 15712 --- [free-form-janken] [           main] s.a.ScheduledAnnotationBeanPostProcessor : No @Scheduled annotations found on bean class: class org.springframework.boot.webmvc.autoconfigure.error.ErrorMvcAutoConfiguration$StaticView
2026-10-08T12:54:08.134+09:00 TRACE 15712 --- [free-form-janken] [           main] s.a.ScheduledAnnotationBeanPostProcessor : No @Scheduled annotations found on bean class: class org.springframework.web.servlet.view.BeanNameViewResolver
2026-10-08T12:54:08.136+09:00 TRACE 15712 --- [free-form-janken] [           main] s.a.ScheduledAnnotationBeanPostProcessor : No @Scheduled annotations found on bean class: class org.springframework.boot.webmvc.autoconfigure.error.ErrorMvcAutoConfiguration$DefaultErrorViewResolverConfiguration
2026-10-08T12:54:08.145+09:00 TRACE 15712 --- [free-form-janken] [           main] s.a.ScheduledAnnotationBeanPostProcessor : No @Scheduled annotations found on bean class: class org.springframework.boot.webmvc.autoconfigure.error.DefaultErrorViewResolver
2026-10-08T12:54:08.154+09:00 TRACE 15712 --- [free-form-janken] [           main] s.a.ScheduledAnnotationBeanPostProcessor : No @Scheduled annotations found on bean class: class org.springframework.boot.webmvc.error.DefaultErrorAttributes
2026-10-08T12:54:08.178+09:00 TRACE 15712 --- [free-form-janken] [           main] s.a.ScheduledAnnotationBeanPostProcessor : No @Scheduled annotations found on bean class: class org.springframework.boot.webmvc.autoconfigure.error.BasicErrorController
2026-10-08T12:54:08.233+09:00 TRACE 15712 --- [free-form-janken] [           main] s.a.ScheduledAnnotationBeanPostProcessor : No @Scheduled annotations found on bean class: class org.springframework.boot.webmvc.autoconfigure.WebMvcAutoConfiguration$WebMvcAutoConfigurationAdapter
2026-10-08T12:54:08.239+09:00 TRACE 15712 --- [free-form-janken] [           main] s.a.ScheduledAnnotationBeanPostProcessor : No @Scheduled annotations found on bean class: class org.springframework.boot.webmvc.autoconfigure.WebMvcAutoConfiguration$EnableWebMvcConfiguration
2026-10-08T12:54:08.249+09:00 TRACE 15712 --- [free-form-janken] [           main] s.a.ScheduledAnnotationBeanPostProcessor : No @Scheduled annotations found on bean class: class org.springframework.boot.autoconfigure.web.format.WebConversionService
2026-10-08T12:54:08.259+09:00 TRACE 15712 --- [free-form-janken] [           main] s.a.ScheduledAnnotationBeanPostProcessor : No @Scheduled annotations found on bean class: class org.springframework.web.servlet.resource.ResourceUrlProvider
2026-10-08T12:54:08.310+09:00 TRACE 15712 --- [free-form-janken] [           main] s.a.ScheduledAnnotationBeanPostProcessor : No @Scheduled annotations found on bean class: class org.springframework.boot.webmvc.autoconfigure.WelcomePageHandlerMapping
2026-10-08T12:54:08.330+09:00 TRACE 15712 --- [free-form-janken] [           main] s.a.ScheduledAnnotationBeanPostProcessor : No @Scheduled annotations found on bean class: class org.springframework.boot.webmvc.autoconfigure.WelcomePageNotAcceptableHandlerMapping
2026-10-08T12:54:08.336+09:00 TRACE 15712 --- [free-form-janken] [           main] s.a.ScheduledAnnotationBeanPostProcessor : No @Scheduled annotations found on bean class: class org.springframework.web.servlet.i18n.AcceptHeaderLocaleResolver
2026-10-08T12:54:08.342+09:00 TRACE 15712 --- [free-form-janken] [           main] s.a.ScheduledAnnotationBeanPostProcessor : No @Scheduled annotations found on bean class: class org.springframework.web.servlet.support.SessionFlashMapManager
2026-10-08T12:54:08.350+09:00 TRACE 15712 --- [free-form-janken] [           main] s.a.ScheduledAnnotationBeanPostProcessor : No @Scheduled annotations found on bean class: class org.springframework.web.servlet.view.DefaultRequestToViewNameTranslator
2026-10-08T12:54:08.359+09:00 TRACE 15712 --- [free-form-janken] [           main] s.a.ScheduledAnnotationBeanPostProcessor : No @Scheduled annotations found on bean class: class org.springframework.boot.validation.autoconfigure.ValidatorAdapter
2026-10-08T12:54:08.378+09:00 TRACE 15712 --- [free-form-janken] [           main] s.a.ScheduledAnnotationBeanPostProcessor : No @Scheduled annotations found on bean class: class org.springframework.boot.http.converter.autoconfigure.HttpMessageConvertersAutoConfiguration$StringHttpMessageConverterConfiguration
2026-10-08T12:54:08.381+09:00 TRACE 15712 --- [free-form-janken] [           main] s.a.ScheduledAnnotationBeanPostProcessor : No @Scheduled annotations found on bean class: class org.springframework.boot.http.converter.autoconfigure.HttpMessageConvertersProperties
2026-10-08T12:54:08.384+09:00 TRACE 15712 --- [free-form-janken] [           main] s.a.ScheduledAnnotationBeanPostProcessor : No @Scheduled annotations found on bean class: class org.springframework.boot.http.converter.autoconfigure.HttpMessageConvertersAutoConfiguration$StringHttpMessageConvertersCustomizer
2026-10-08T12:54:08.386+09:00 TRACE 15712 --- [free-form-janken] [           main] s.a.ScheduledAnnotationBeanPostProcessor : No @Scheduled annotations found on bean class: class org.springframework.boot.http.converter.autoconfigure.JacksonHttpMessageConvertersConfiguration$JacksonJsonHttpMessageConverterConfiguration
2026-10-08T12:54:08.390+09:00 TRACE 15712 --- [free-form-janken] [           main] s.a.ScheduledAnnotationBeanPostProcessor : No @Scheduled annotations found on bean class: class org.springframework.boot.jackson.autoconfigure.JacksonAutoConfiguration
2026-10-08T12:54:08.416+09:00 TRACE 15712 --- [free-form-janken] [           main] s.a.ScheduledAnnotationBeanPostProcessor : No @Scheduled annotations found on bean class: class org.springframework.boot.jackson.autoconfigure.JacksonProperties
2026-10-08T12:54:08.417+09:00 TRACE 15712 --- [free-form-janken] [           main] s.a.ScheduledAnnotationBeanPostProcessor : No @Scheduled annotations found on bean class: class org.springframework.boot.jackson.autoconfigure.JacksonAutoConfiguration$JacksonJsonCustomizerConfiguration
2026-10-08T12:54:08.421+09:00 TRACE 15712 --- [free-form-janken] [           main] s.a.ScheduledAnnotationBeanPostProcessor : No @Scheduled annotations found on bean class: class org.springframework.boot.jackson.autoconfigure.JacksonAutoConfiguration$JacksonJsonCustomizerConfiguration$StandardJsonFactoryBuilderCustomizer
2026-10-08T12:54:08.441+09:00 TRACE 15712 --- [free-form-janken] [           main] s.a.ScheduledAnnotationBeanPostProcessor : No @Scheduled annotations found on bean class: class tools.jackson.core.json.JsonFactory
2026-10-08T12:54:08.447+09:00 TRACE 15712 --- [free-form-janken] [           main] s.a.ScheduledAnnotationBeanPostProcessor : No @Scheduled annotations found on bean class: class org.springframework.boot.jackson.autoconfigure.JacksonAutoConfiguration$JsonProblemDetailsConfiguration
2026-10-08T12:54:08.451+09:00 TRACE 15712 --- [free-form-janken] [           main] s.a.ScheduledAnnotationBeanPostProcessor : No @Scheduled annotations found on bean class: class org.springframework.boot.jackson.autoconfigure.JacksonAutoConfiguration$JsonProblemDetailsConfiguration$ProblemDetailJsonMapperBuilderCustomizer
2026-10-08T12:54:08.470+09:00 TRACE 15712 --- [free-form-janken] [           main] s.a.ScheduledAnnotationBeanPostProcessor : No @Scheduled annotations found on bean class: class org.springframework.boot.jackson.autoconfigure.JacksonAutoConfiguration$JacksonMixinConfiguration
2026-10-08T12:54:08.479+09:00 DEBUG 15712 --- [free-form-janken] [           main] o.s.b.a.AutoConfigurationPackages        : @EnableAutoConfiguration was declared on a class in the package 'com.example.janken'. Automatic @Repository and @Entity scanning is enabled.
2026-10-08T12:54:08.496+09:00 TRACE 15712 --- [free-form-janken] [           main] s.a.ScheduledAnnotationBeanPostProcessor : No @Scheduled annotations found on bean class: class org.springframework.boot.jackson.JacksonMixinModuleEntries
2026-10-08T12:54:08.511+09:00 TRACE 15712 --- [free-form-janken] [           main] s.a.ScheduledAnnotationBeanPostProcessor : No @Scheduled annotations found on bean class: class org.springframework.boot.jackson.JacksonMixinModule
2026-10-08T12:54:08.531+09:00 TRACE 15712 --- [free-form-janken] [           main] s.a.ScheduledAnnotationBeanPostProcessor : No @Scheduled annotations found on bean class: class org.springframework.boot.jackson.JacksonComponentModule
2026-10-08T12:54:08.533+09:00 TRACE 15712 --- [free-form-janken] [           main] s.a.ScheduledAnnotationBeanPostProcessor : No @Scheduled annotations found on bean class: class org.springframework.boot.jackson.autoconfigure.JacksonAutoConfiguration$JacksonJsonCustomizerConfiguration$StandardJsonMapperBuilderCustomizer
2026-10-08T12:54:08.558+09:00 TRACE 15712 --- [free-form-janken] [           main] s.a.ScheduledAnnotationBeanPostProcessor : No @Scheduled annotations found on bean class: class tools.jackson.databind.json.JsonMapper$Builder
2026-10-08T12:54:08.585+09:00 TRACE 15712 --- [free-form-janken] [           main] s.a.ScheduledAnnotationBeanPostProcessor : No @Scheduled annotations found on bean class: class tools.jackson.databind.json.JsonMapper
2026-10-08T12:54:08.588+09:00 TRACE 15712 --- [free-form-janken] [           main] s.a.ScheduledAnnotationBeanPostProcessor : No @Scheduled annotations found on bean class: class org.springframework.boot.http.converter.autoconfigure.JacksonHttpMessageConvertersConfiguration$JacksonJsonHttpMessageConvertersCustomizer
2026-10-08T12:54:08.591+09:00 TRACE 15712 --- [free-form-janken] [           main] s.a.ScheduledAnnotationBeanPostProcessor : No @Scheduled annotations found on bean class: class org.springframework.boot.http.converter.autoconfigure.HttpMessageConvertersAutoConfiguration
2026-10-08T12:54:08.600+09:00 TRACE 15712 --- [free-form-janken] [           main] s.a.ScheduledAnnotationBeanPostProcessor : No @Scheduled annotations found on bean class: class org.springframework.boot.http.converter.autoconfigure.DefaultServerHttpMessageConvertersCustomizer
2026-10-08T12:54:08.620+09:00 TRACE 15712 --- [free-form-janken] [           main] s.a.ScheduledAnnotationBeanPostProcessor : No @Scheduled annotations found on bean class: class org.springframework.web.accept.ContentNegotiationManager
2026-10-08T12:54:08.925+09:00 DEBUG 15712 --- [free-form-janken] [           main] s.w.s.m.m.a.RequestMappingHandlerMapping : 21 mappings in 'requestMappingHandlerMapping'
2026-10-08T12:54:08.928+09:00 TRACE 15712 --- [free-form-janken] [           main] s.a.ScheduledAnnotationBeanPostProcessor : No @Scheduled annotations found on bean class: class org.springframework.web.servlet.mvc.method.annotation.RequestMappingHandlerMapping
2026-10-08T12:54:08.931+09:00 TRACE 15712 --- [free-form-janken] [           main] s.a.ScheduledAnnotationBeanPostProcessor : No @Scheduled annotations found on bean class: class org.springframework.web.util.pattern.PathPatternParser
2026-10-08T12:54:08.937+09:00 TRACE 15712 --- [free-form-janken] [           main] s.a.ScheduledAnnotationBeanPostProcessor : No @Scheduled annotations found on bean class: class org.springframework.web.util.UrlPathHelper
2026-10-08T12:54:08.940+09:00 TRACE 15712 --- [free-form-janken] [           main] s.a.ScheduledAnnotationBeanPostProcessor : No @Scheduled annotations found on bean class: class org.springframework.util.AntPathMatcher
2026-10-08T12:54:08.948+09:00 TRACE 15712 --- [free-form-janken] [           main] s.a.ScheduledAnnotationBeanPostProcessor : No @Scheduled annotations found on bean class: class org.springframework.web.servlet.handler.BeanNameUrlHandlerMapping
2026-10-08T12:54:08.964+09:00 TRACE 15712 --- [free-form-janken] [           main] s.a.ScheduledAnnotationBeanPostProcessor : No @Scheduled annotations found on bean class: class org.springframework.web.servlet.function.support.RouterFunctionMapping
2026-10-08T12:54:08.997+09:00 DEBUG 15712 --- [free-form-janken] [           main] o.s.w.s.handler.SimpleUrlHandlerMapping  : Patterns [/webjars/**, /**] in 'resourceHandlerMapping'
2026-10-08T12:54:09.001+09:00 TRACE 15712 --- [free-form-janken] [           main] s.a.ScheduledAnnotationBeanPostProcessor : No @Scheduled annotations found on bean class: class org.springframework.web.servlet.handler.SimpleUrlHandlerMapping
2026-10-08T12:54:09.080+09:00 DEBUG 15712 --- [free-form-janken] [           main] s.w.s.m.m.a.RequestMappingHandlerAdapter : ControllerAdvice beans: 0 @ModelAttribute, 0 @InitBinder, 2 RequestBodyAdvice, 1 ResponseBodyAdvice
2026-10-08T12:54:09.154+09:00 TRACE 15712 --- [free-form-janken] [           main] s.a.ScheduledAnnotationBeanPostProcessor : No @Scheduled annotations found on bean class: class org.springframework.web.servlet.view.ViewResolverComposite
2026-10-08T12:54:09.171+09:00 TRACE 15712 --- [free-form-janken] [           main] s.a.ScheduledAnnotationBeanPostProcessor : No @Scheduled annotations found on bean class: class org.springframework.web.servlet.view.InternalResourceViewResolver
2026-10-08T12:54:09.186+09:00 TRACE 15712 --- [free-form-janken] [           main] s.a.ScheduledAnnotationBeanPostProcessor : No @Scheduled annotations found on bean class: class org.springframework.boot.thymeleaf.autoconfigure.ThymeleafAutoConfiguration$ThymeleafWebMvcConfiguration$ThymeleafViewResolverConfiguration
2026-10-08T12:54:09.197+09:00 TRACE 15712 --- [free-form-janken] [           main] s.a.ScheduledAnnotationBeanPostProcessor : No @Scheduled annotations found on bean class: class org.springframework.boot.thymeleaf.autoconfigure.ThymeleafProperties
2026-10-08T12:54:09.203+09:00 TRACE 15712 --- [free-form-janken] [           main] s.a.ScheduledAnnotationBeanPostProcessor : No @Scheduled annotations found on bean class: class org.springframework.boot.thymeleaf.autoconfigure.TemplateEngineConfigurations$DefaultTemplateEngineConfiguration
2026-10-08T12:54:09.271+09:00 TRACE 15712 --- [free-form-janken] [           main] s.a.ScheduledAnnotationBeanPostProcessor : No @Scheduled annotations found on bean class: class org.springframework.boot.thymeleaf.autoconfigure.ThymeleafAutoConfiguration$DefaultTemplateResolverConfiguration
2026-10-08T12:54:09.282+09:00 TRACE 15712 --- [free-form-janken] [           main] s.a.ScheduledAnnotationBeanPostProcessor : No @Scheduled annotations found on bean class: class org.thymeleaf.spring6.templateresolver.SpringResourceTemplateResolver
2026-10-08T12:54:09.299+09:00 TRACE 15712 --- [free-form-janken] [           main] s.a.ScheduledAnnotationBeanPostProcessor : No @Scheduled annotations found on bean class: class org.thymeleaf.spring6.SpringTemplateEngine
2026-10-08T12:54:09.312+09:00 TRACE 15712 --- [free-form-janken] [           main] s.a.ScheduledAnnotationBeanPostProcessor : No @Scheduled annotations found on bean class: class org.thymeleaf.spring6.view.ThymeleafViewResolver
2026-10-08T12:54:09.315+09:00 TRACE 15712 --- [free-form-janken] [           main] s.a.ScheduledAnnotationBeanPostProcessor : No @Scheduled annotations found on bean class: class org.springframework.web.servlet.view.ContentNegotiatingViewResolver
2026-10-08T12:54:09.340+09:00 TRACE 15712 --- [free-form-janken] [           main] s.a.ScheduledAnnotationBeanPostProcessor : No @Scheduled annotations found on bean class: class org.springframework.web.servlet.mvc.method.annotation.RequestMappingHandlerAdapter
2026-10-08T12:54:09.346+09:00 TRACE 15712 --- [free-form-janken] [           main] s.a.ScheduledAnnotationBeanPostProcessor : No @Scheduled annotations found on bean class: class org.springframework.web.servlet.function.support.HandlerFunctionAdapter
2026-10-08T12:54:09.355+09:00 TRACE 15712 --- [free-form-janken] [           main] s.a.ScheduledAnnotationBeanPostProcessor : No @Scheduled annotations found on bean class: class org.springframework.web.method.support.CompositeUriComponentsContributor
2026-10-08T12:54:09.358+09:00 TRACE 15712 --- [free-form-janken] [           main] s.a.ScheduledAnnotationBeanPostProcessor : No @Scheduled annotations found on bean class: class org.springframework.web.servlet.mvc.HttpRequestHandlerAdapter
2026-10-08T12:54:09.364+09:00 TRACE 15712 --- [free-form-janken] [           main] s.a.ScheduledAnnotationBeanPostProcessor : No @Scheduled annotations found on bean class: class org.springframework.web.servlet.mvc.SimpleControllerHandlerAdapter
2026-10-08T12:54:09.399+09:00 DEBUG 15712 --- [free-form-janken] [           main] .m.m.a.ExceptionHandlerExceptionResolver : ControllerAdvice beans: 1 @ExceptionHandler, 1 ResponseBodyAdvice
2026-10-08T12:54:09.405+09:00 TRACE 15712 --- [free-form-janken] [           main] s.a.ScheduledAnnotationBeanPostProcessor : No @Scheduled annotations found on bean class: class org.springframework.web.servlet.handler.HandlerExceptionResolverComposite
2026-10-08T12:54:09.407+09:00 TRACE 15712 --- [free-form-janken] [           main] s.a.ScheduledAnnotationBeanPostProcessor : No @Scheduled annotations found on bean class: class org.springframework.boot.autoconfigure.aop.AopAutoConfiguration$ClassProxyingConfiguration
2026-10-08T12:54:09.409+09:00 TRACE 15712 --- [free-form-janken] [           main] s.a.ScheduledAnnotationBeanPostProcessor : No @Scheduled annotations found on bean class: class org.springframework.boot.autoconfigure.aop.AopAutoConfiguration
2026-10-08T12:54:09.411+09:00 TRACE 15712 --- [free-form-janken] [           main] s.a.ScheduledAnnotationBeanPostProcessor : No @Scheduled annotations found on bean class: class org.springframework.boot.autoconfigure.availability.ApplicationAvailabilityAutoConfiguration
2026-10-08T12:54:09.417+09:00 TRACE 15712 --- [free-form-janken] [           main] s.a.ScheduledAnnotationBeanPostProcessor : No @Scheduled annotations found on bean class: class org.springframework.boot.availability.ApplicationAvailabilityBean
2026-10-08T12:54:09.419+09:00 TRACE 15712 --- [free-form-janken] [           main] s.a.ScheduledAnnotationBeanPostProcessor : No @Scheduled annotations found on bean class: class org.springframework.boot.autoconfigure.context.ConfigurationPropertiesAutoConfiguration
2026-10-08T12:54:09.422+09:00 TRACE 15712 --- [free-form-janken] [           main] s.a.ScheduledAnnotationBeanPostProcessor : No @Scheduled annotations found on bean class: class org.springframework.boot.autoconfigure.context.LifecycleAutoConfiguration
2026-10-08T12:54:09.425+09:00 TRACE 15712 --- [free-form-janken] [           main] s.a.ScheduledAnnotationBeanPostProcessor : No @Scheduled annotations found on bean class: class org.springframework.boot.autoconfigure.context.LifecycleProperties
2026-10-08T12:54:09.429+09:00 TRACE 15712 --- [free-form-janken] [           main] s.a.ScheduledAnnotationBeanPostProcessor : No @Scheduled annotations found on bean class: class org.springframework.context.support.DefaultLifecycleProcessor
2026-10-08T12:54:09.440+09:00 TRACE 15712 --- [free-form-janken] [           main] s.a.ScheduledAnnotationBeanPostProcessor : No @Scheduled annotations found on bean class: class org.springframework.boot.autoconfigure.info.ProjectInfoProperties
2026-10-08T12:54:09.442+09:00 TRACE 15712 --- [free-form-janken] [           main] s.a.ScheduledAnnotationBeanPostProcessor : No @Scheduled annotations found on bean class: class org.springframework.boot.autoconfigure.info.ProjectInfoAutoConfiguration
2026-10-08T12:54:09.443+09:00 TRACE 15712 --- [free-form-janken] [           main] s.a.ScheduledAnnotationBeanPostProcessor : No @Scheduled annotations found on bean class: class org.springframework.boot.autoconfigure.task.TaskSchedulingConfigurations$ThreadPoolTaskSchedulerBuilderConfiguration
2026-10-08T12:54:09.452+09:00 TRACE 15712 --- [free-form-janken] [           main] s.a.ScheduledAnnotationBeanPostProcessor : No @Scheduled annotations found on bean class: class org.springframework.boot.autoconfigure.task.TaskSchedulingProperties
2026-10-08T12:54:09.463+09:00 TRACE 15712 --- [free-form-janken] [           main] s.a.ScheduledAnnotationBeanPostProcessor : No @Scheduled annotations found on bean class: class org.springframework.boot.task.ThreadPoolTaskSchedulerBuilder
2026-10-08T12:54:09.480+09:00 TRACE 15712 --- [free-form-janken] [           main] s.a.ScheduledAnnotationBeanPostProcessor : No @Scheduled annotations found on bean class: class org.springframework.boot.autoconfigure.task.TaskSchedulingConfigurations$SimpleAsyncTaskSchedulerBuilderConfiguration
2026-10-08T12:54:09.501+09:00 TRACE 15712 --- [free-form-janken] [           main] s.a.ScheduledAnnotationBeanPostProcessor : No @Scheduled annotations found on bean class: class org.springframework.boot.task.SimpleAsyncTaskSchedulerBuilder
2026-10-08T12:54:09.506+09:00 TRACE 15712 --- [free-form-janken] [           main] s.a.ScheduledAnnotationBeanPostProcessor : No @Scheduled annotations found on bean class: class org.springframework.boot.autoconfigure.task.DefaultTaskSchedulerConfiguration
2026-10-08T12:54:09.543+09:00 TRACE 15712 --- [free-form-janken] [           main] s.a.ScheduledAnnotationBeanPostProcessor : No @Scheduled annotations found on bean class: class org.springframework.boot.autoconfigure.task.TaskSchedulingConfigurations$TaskSchedulerConfiguration
2026-10-08T12:54:09.549+09:00 TRACE 15712 --- [free-form-janken] [           main] s.a.ScheduledAnnotationBeanPostProcessor : No @Scheduled annotations found on bean class: class org.springframework.boot.autoconfigure.task.TaskSchedulingAutoConfiguration
2026-10-08T12:54:09.553+09:00 TRACE 15712 --- [free-form-janken] [           main] s.a.ScheduledAnnotationBeanPostProcessor : No @Scheduled annotations found on bean class: class org.springframework.boot.autoconfigure.task.ScheduledBeanLazyInitializationExcludeFilter
2026-10-08T12:54:09.565+09:00 TRACE 15712 --- [free-form-janken] [           main] s.a.ScheduledAnnotationBeanPostProcessor : No @Scheduled annotations found on bean class: class org.springframework.boot.http.converter.autoconfigure.JacksonHttpMessageConvertersConfiguration
2026-10-08T12:54:09.569+09:00 TRACE 15712 --- [free-form-janken] [           main] s.a.ScheduledAnnotationBeanPostProcessor : No @Scheduled annotations found on bean class: class org.springframework.boot.http.converter.autoconfigure.Jackson2HttpMessageConvertersConfiguration
2026-10-08T12:54:09.574+09:00 TRACE 15712 --- [free-form-janken] [           main] s.a.ScheduledAnnotationBeanPostProcessor : No @Scheduled annotations found on bean class: class org.springframework.boot.http.converter.autoconfigure.DefaultClientHttpMessageConvertersCustomizer
2026-10-08T12:54:09.578+09:00 TRACE 15712 --- [free-form-janken] [           main] s.a.ScheduledAnnotationBeanPostProcessor : No @Scheduled annotations found on bean class: class org.springframework.web.multipart.support.StandardServletMultipartResolver
2026-10-08T12:54:09.582+09:00 TRACE 15712 --- [free-form-janken] [           main] s.a.ScheduledAnnotationBeanPostProcessor : No @Scheduled annotations found on bean class: class org.springframework.boot.thymeleaf.autoconfigure.ThymeleafAutoConfiguration$ThymeleafWebMvcConfiguration
2026-10-08T12:54:09.584+09:00 TRACE 15712 --- [free-form-janken] [           main] s.a.ScheduledAnnotationBeanPostProcessor : No @Scheduled annotations found on bean class: class org.springframework.boot.thymeleaf.autoconfigure.ThymeleafAutoConfiguration
2026-10-08T12:54:09.693+09:00  INFO 15712 --- [free-form-janken] [           main] o.s.boot.tomcat.TomcatWebServer          : Tomcat started on port 18016 (http) with context path '/'
2026-10-08T12:54:09.712+09:00 DEBUG 15712 --- [free-form-janken] [           main] .s.b.a.l.ConditionEvaluationReportLogger : 


============================
CONDITIONS EVALUATION REPORT
============================


Positive matches:
-----------------

   AopAutoConfiguration matched:
      - @ConditionalOnBooleanProperty (spring.aop.auto=true) matched (OnPropertyCondition)

   AopAutoConfiguration.ClassProxyingConfiguration matched:
      - @ConditionalOnMissingClass did not find unwanted class 'org.aspectj.weaver.Advice' (OnClassCondition)
      - @ConditionalOnBooleanProperty (spring.aop.proxy-target-class=true) matched (OnPropertyCondition)

   ApplicationAvailabilityAutoConfiguration#applicationAvailability matched:
      - @ConditionalOnMissingBean (types: org.springframework.boot.availability.ApplicationAvailability; SearchStrategy: all) did not find any beans (OnBeanCondition)

   DefaultTaskSchedulerConfiguration matched:
      - @ConditionalOnMissingBean (names: taskScheduler; SearchStrategy: all) did not find any beans (OnBeanCondition)

   DefaultTaskSchedulerConfiguration#taskScheduler matched:
      - @ConditionalOnBean (types: org.springframework.boot.task.ThreadPoolTaskSchedulerBuilder; SearchStrategy: all) found bean 'threadPoolTaskSchedulerBuilder' (OnBeanCondition)
      - @ConditionalOnThreading found PLATFORM (OnThreadingCondition)

   DisconnectMonitor matched:
      - @ConditionalOnProperty (janken.disconnect-monitor.enabled=true) matched (OnPropertyCondition)

   DispatcherServletAutoConfiguration matched:
      - @ConditionalOnClass found required class 'org.springframework.web.servlet.DispatcherServlet' (OnClassCondition)
      - found 'session' scope (OnWebApplicationCondition)

   DispatcherServletAutoConfiguration.DispatcherServletConfiguration matched:
      - @ConditionalOnClass found required class 'jakarta.servlet.ServletRegistration' (OnClassCondition)
      - Default DispatcherServlet did not find dispatcher servlet beans (DispatcherServletAutoConfiguration.DefaultDispatcherServletCondition)

   DispatcherServletAutoConfiguration.DispatcherServletRegistrationConfiguration matched:
      - @ConditionalOnClass found required class 'jakarta.servlet.ServletRegistration' (OnClassCondition)
      - DispatcherServlet Registration did not find servlet registration bean (DispatcherServletAutoConfiguration.DispatcherServletRegistrationCondition)

   DispatcherServletAutoConfiguration.DispatcherServletRegistrationConfiguration#dispatcherServletRegistration matched:
      - @ConditionalOnBean (names: dispatcherServlet types: org.springframework.web.servlet.DispatcherServlet; SearchStrategy: all) found bean 'dispatcherServlet' (OnBeanCondition)

   ErrorMvcAutoConfiguration matched:
      - @ConditionalOnClass found required classes 'jakarta.servlet.Servlet', 'org.springframework.web.servlet.DispatcherServlet' (OnClassCondition)
      - found 'session' scope (OnWebApplicationCondition)

   ErrorMvcAutoConfiguration#basicErrorController matched:
      - @ConditionalOnMissingBean (types: org.springframework.boot.webmvc.error.ErrorController; SearchStrategy: current) did not find any beans (OnBeanCondition)

   ErrorMvcAutoConfiguration#errorAttributes matched:
      - @ConditionalOnMissingBean (types: org.springframework.boot.webmvc.error.ErrorAttributes; SearchStrategy: current) did not find any beans (OnBeanCondition)

   ErrorMvcAutoConfiguration.DefaultErrorViewResolverConfiguration#conventionErrorViewResolver matched:
      - @ConditionalOnBean (types: org.springframework.web.servlet.DispatcherServlet; SearchStrategy: all) found bean 'dispatcherServlet'; @ConditionalOnMissingBean (types: org.springframework.boot.webmvc.autoconfigure.error.ErrorViewResolver; SearchStrategy: all) did not find any beans (OnBeanCondition)

   ErrorMvcAutoConfiguration.WhitelabelErrorViewConfiguration matched:
      - @ConditionalOnBooleanProperty (spring.web.error.whitelabel.enabled=true) matched (OnPropertyCondition)
      - ErrorTemplate Missing did not find error template view (ErrorMvcAutoConfiguration.ErrorTemplateMissingCondition)

   ErrorMvcAutoConfiguration.WhitelabelErrorViewConfiguration#beanNameViewResolver matched:
      - @ConditionalOnMissingBean (types: org.springframework.web.servlet.view.BeanNameViewResolver; SearchStrategy: all) did not find any beans (OnBeanCondition)

   ErrorMvcAutoConfiguration.WhitelabelErrorViewConfiguration#defaultErrorView matched:
      - @ConditionalOnMissingBean (names: error; SearchStrategy: all) did not find any beans (OnBeanCondition)

   HttpEncodingAutoConfiguration matched:
      - @ConditionalOnClass found required class 'org.springframework.web.filter.CharacterEncodingFilter' (OnClassCondition)
      - found 'session' scope (OnWebApplicationCondition)
      - @ConditionalOnBooleanProperty (spring.servlet.encoding.enabled=true) matched (OnPropertyCondition)

   HttpEncodingAutoConfiguration#characterEncodingFilter matched:
      - @ConditionalOnMissingBean (types: org.springframework.web.filter.CharacterEncodingFilter; SearchStrategy: all) did not find any beans (OnBeanCondition)

   HttpMessageConvertersAutoConfiguration matched:
      - @ConditionalOnClass found required class 'org.springframework.http.converter.HttpMessageConverter' (OnClassCondition)
      - NoneNestedConditions 0 matched 1 did not; NestedCondition on HttpMessageConvertersAutoConfiguration.NotReactiveWebApplicationCondition.ReactiveWebApplication did not find reactive web application classes (HttpMessageConvertersAutoConfiguration.NotReactiveWebApplicationCondition)

   HttpMessageConvertersAutoConfiguration.StringHttpMessageConverterConfiguration#stringHttpMessageConvertersCustomizer matched:
      - @ConditionalOnMissingBean (types: org.springframework.http.converter.StringHttpMessageConverter; SearchStrategy: all) did not find any beans (OnBeanCondition)

   JacksonAutoConfiguration matched:
      - @ConditionalOnClass found required class 'tools.jackson.databind.json.JsonMapper' (OnClassCondition)

   JacksonAutoConfiguration#jacksonJsonMapper matched:
      - @ConditionalOnMissingBean (types: tools.jackson.databind.json.JsonMapper; SearchStrategy: all) did not find any beans (OnBeanCondition)

   JacksonAutoConfiguration#jsonFactory matched:
      - @ConditionalOnMissingBean (types: tools.jackson.core.json.JsonFactory; SearchStrategy: all) did not find any beans (OnBeanCondition)

   JacksonAutoConfiguration#jsonMapperBuilder matched:
      - @ConditionalOnMissingBean (types: tools.jackson.databind.json.JsonMapper$Builder; SearchStrategy: all) did not find any beans (OnBeanCondition)

   JacksonAutoConfiguration.JsonProblemDetailsConfiguration matched:
      - @ConditionalOnClass found required class 'org.springframework.http.ProblemDetail' (OnClassCondition)

   JacksonHttpMessageConvertersConfiguration.JacksonJsonHttpMessageConverterConfiguration matched:
      - @ConditionalOnClass found required class 'tools.jackson.databind.json.JsonMapper' (OnClassCondition)
      - @ConditionalOnProperty (spring.http.converters.preferred-json-mapper=jackson) matched (OnPropertyCondition)
      - @ConditionalOnBean (types: tools.jackson.databind.json.JsonMapper; SearchStrategy: all) found bean 'jacksonJsonMapper' (OnBeanCondition)

   JacksonHttpMessageConvertersConfiguration.JacksonJsonHttpMessageConverterConfiguration#jacksonJsonHttpMessageConvertersCustomizer matched:
      - @ConditionalOnMissingBean (types: org.springframework.http.converter.json.JacksonJsonHttpMessageConverter ignored: org.springframework.hateoas.server.mvc.TypeConstrainedJacksonJsonHttpMessageConverter,org.springframework.data.rest.webmvc.alps.AlpsJacksonJsonHttpMessageConverter; SearchStrategy: all) did not find any beans (OnBeanCondition)

   LifecycleAutoConfiguration#defaultLifecycleProcessor matched:
      - @ConditionalOnMissingBean (names: lifecycleProcessor; SearchStrategy: current) did not find any beans (OnBeanCondition)

   MatchTransitionScheduler matched:
      - @ConditionalOnProperty (janken.match-transition.enabled=true) matched (OnPropertyCondition)

   MultipartAutoConfiguration matched:
      - @ConditionalOnClass found required classes 'jakarta.servlet.Servlet', 'org.springframework.web.multipart.support.StandardServletMultipartResolver', 'jakarta.servlet.MultipartConfigElement' (OnClassCondition)
      - found 'session' scope (OnWebApplicationCondition)
      - @ConditionalOnBooleanProperty (spring.servlet.multipart.enabled=true) matched (OnPropertyCondition)

   MultipartAutoConfiguration#multipartConfigElement matched:
      - @ConditionalOnMissingBean (types: jakarta.servlet.MultipartConfigElement; SearchStrategy: all) did not find any beans (OnBeanCondition)

   MultipartAutoConfiguration#multipartResolver matched:
      - @ConditionalOnMissingBean (types: org.springframework.web.multipart.MultipartResolver; SearchStrategy: all) did not find any beans (OnBeanCondition)

   PropertyPlaceholderAutoConfiguration#propertySourcesPlaceholderConfigurer matched:
      - @ConditionalOnMissingBean (types: org.springframework.context.support.PropertySourcesPlaceholderConfigurer; SearchStrategy: current) did not find any beans (OnBeanCondition)

   SslAutoConfiguration#sslBundleRegistry matched:
      - @ConditionalOnMissingBean (types: org.springframework.boot.ssl.SslBundleRegistry,org.springframework.boot.ssl.SslBundles; SearchStrategy: all) did not find any beans (OnBeanCondition)

   TaskExecutionAutoConfiguration matched:
      - @ConditionalOnClass found required class 'org.springframework.scheduling.concurrent.ThreadPoolTaskExecutor' (OnClassCondition)

   TaskExecutorConfigurations.AsyncConfigurerConfiguration matched:
      - @ConditionalOnMissingBean (types: org.springframework.scheduling.annotation.AsyncConfigurer; SearchStrategy: all) did not find any beans (OnBeanCondition)

   TaskExecutorConfigurations.SimpleAsyncTaskExecutorBuilderConfiguration#simpleAsyncTaskExecutorBuilder matched:
      - @ConditionalOnMissingBean (types: org.springframework.boot.task.SimpleAsyncTaskExecutorBuilder; SearchStrategy: all) did not find any beans (OnBeanCondition)
      - @ConditionalOnThreading found PLATFORM (OnThreadingCondition)

   TaskExecutorConfigurations.TaskExecutorConfiguration matched:
      - AnyNestedCondition 1 matched 1 did not; NestedCondition on TaskExecutorConfigurations.OnExecutorCondition.ModelCondition @ConditionalOnProperty (spring.task.execution.mode=force) did not find property 'spring.task.execution.mode'; NestedCondition on TaskExecutorConfigurations.OnExecutorCondition.ExecutorBeanCondition @ConditionalOnMissingBean (types: java.util.concurrent.Executor; SearchStrategy: all) did not find any beans (TaskExecutorConfigurations.OnExecutorCondition)

   TaskExecutorConfigurations.TaskExecutorConfiguration#applicationTaskExecutor matched:
      - @ConditionalOnThreading found PLATFORM (OnThreadingCondition)

   TaskExecutorConfigurations.ThreadPoolTaskExecutorBuilderConfiguration#threadPoolTaskExecutorBuilder matched:
      - @ConditionalOnMissingBean (types: org.springframework.boot.task.ThreadPoolTaskExecutorBuilder; SearchStrategy: all) did not find any beans (OnBeanCondition)

   TaskSchedulingAutoConfiguration matched:
      - @ConditionalOnClass found required class 'org.springframework.scheduling.concurrent.ThreadPoolTaskScheduler' (OnClassCondition)

   TaskSchedulingAutoConfiguration#scheduledBeanLazyInitializationExcludeFilter matched:
      - @ConditionalOnBean (names: org.springframework.scheduling.config.internalScheduledAnnotationProcessor; SearchStrategy: all) found bean 'org.springframework.scheduling.config.internalScheduledAnnotationProcessor' (OnBeanCondition)

   TaskSchedulingConfigurations.SimpleAsyncTaskSchedulerBuilderConfiguration#simpleAsyncTaskSchedulerBuilder matched:
      - @ConditionalOnMissingBean (types: org.springframework.boot.task.SimpleAsyncTaskSchedulerBuilder; SearchStrategy: all) did not find any beans (OnBeanCondition)
      - @ConditionalOnThreading found PLATFORM (OnThreadingCondition)

   TaskSchedulingConfigurations.TaskSchedulerConfiguration matched:
      - @ConditionalOnBean (names: org.springframework.scheduling.config.internalScheduledAnnotationProcessor; SearchStrategy: all) found bean 'org.springframework.scheduling.config.internalScheduledAnnotationProcessor'; @ConditionalOnMissingBean (types: org.springframework.scheduling.TaskScheduler,java.util.concurrent.ScheduledExecutorService; SearchStrategy: all) did not find any beans (OnBeanCondition)

   TaskSchedulingConfigurations.ThreadPoolTaskSchedulerBuilderConfiguration#threadPoolTaskSchedulerBuilder matched:
      - @ConditionalOnMissingBean (types: org.springframework.boot.task.ThreadPoolTaskSchedulerBuilder; SearchStrategy: all) did not find any beans (OnBeanCondition)

   TemplateEngineConfigurations.DefaultTemplateEngineConfiguration#templateEngine matched:
      - @ConditionalOnMissingBean (types: org.thymeleaf.spring6.ISpringTemplateEngine; SearchStrategy: all) did not find any beans (OnBeanCondition)

   ThymeleafAutoConfiguration matched:
      - @ConditionalOnClass found required classes 'org.thymeleaf.templatemode.TemplateMode', 'org.thymeleaf.spring6.SpringTemplateEngine' (OnClassCondition)

   ThymeleafAutoConfiguration.DefaultTemplateResolverConfiguration matched:
      - @ConditionalOnMissingBean (names: defaultTemplateResolver; SearchStrategy: all) did not find any beans (OnBeanCondition)

   ThymeleafAutoConfiguration.ThymeleafWebMvcConfiguration matched:
      - found 'session' scope (OnWebApplicationCondition)

   ThymeleafAutoConfiguration.ThymeleafWebMvcConfiguration.ThymeleafViewResolverConfiguration matched:
      - @ConditionalOnClass found required class 'org.springframework.web.servlet.view.AbstractCachingViewResolver' (OnClassCondition)

   ThymeleafAutoConfiguration.ThymeleafWebMvcConfiguration.ThymeleafViewResolverConfiguration#thymeleafViewResolver matched:
      - @ConditionalOnMissingBean (names: thymeleafViewResolver; SearchStrategy: all) did not find any beans (OnBeanCondition)

   TomcatServletWebServerAutoConfiguration matched:
      - @ConditionalOnClass found required classes 'jakarta.servlet.ServletRequest', 'org.apache.catalina.startup.Tomcat', 'org.apache.coyote.UpgradeProtocol', 'org.springframework.boot.tomcat.servlet.TomcatServletWebServerFactory' (OnClassCondition)
      - found 'session' scope (OnWebApplicationCondition)

   TomcatServletWebServerAutoConfiguration#tomcatServletWebServerFactory matched:
      - @ConditionalOnMissingBean (types: org.springframework.boot.web.server.servlet.ServletWebServerFactory; SearchStrategy: current) did not find any beans (OnBeanCondition)

   TomcatWebServerConfiguration matched:
      - @ConditionalOnWarDeployment the application is not deployed as a WAR file. (OnWarDeploymentCondition)

   TomcatWebServerConfiguration.TomcatWebSocketConfiguration matched:
      - @ConditionalOnClass found required class 'org.apache.tomcat.websocket.server.WsSci' (OnClassCondition)

   ValidationAutoConfiguration matched:
      - @ConditionalOnClass found required class 'jakarta.validation.executable.ExecutableValidator' (OnClassCondition)
      - @ConditionalOnResource found location classpath:META-INF/services/jakarta.validation.spi.ValidationProvider (OnResourceCondition)

   ValidationAutoConfiguration#defaultValidator matched:
      - @ConditionalOnMissingBean (types: jakarta.validation.Validator; SearchStrategy: all) did not find any beans (OnBeanCondition)

   ValidationAutoConfiguration#methodValidationPostProcessor matched:
      - @ConditionalOnMissingBean (types: org.springframework.validation.beanvalidation.MethodValidationPostProcessor; SearchStrategy: current) did not find any beans (OnBeanCondition)

   WebMvcAutoConfiguration matched:
      - @ConditionalOnClass found required classes 'jakarta.servlet.Servlet', 'org.springframework.web.servlet.DispatcherServlet', 'org.springframework.web.servlet.config.annotation.WebMvcConfigurer' (OnClassCondition)
      - found 'session' scope (OnWebApplicationCondition)
      - @ConditionalOnMissingBean (types: org.springframework.web.servlet.config.annotation.WebMvcConfigurationSupport; SearchStrategy: all) did not find any beans (OnBeanCondition)

   WebMvcAutoConfiguration#formContentFilter matched:
      - @ConditionalOnBooleanProperty (spring.mvc.formcontent.filter.enabled=true) matched (OnPropertyCondition)
      - @ConditionalOnMissingBean (types: org.springframework.web.filter.FormContentFilter; SearchStrategy: all) did not find any beans (OnBeanCondition)

   WebMvcAutoConfiguration.EnableWebMvcConfiguration#flashMapManager matched:
      - @ConditionalOnMissingBean (names: flashMapManager; SearchStrategy: all) did not find any beans (OnBeanCondition)

   WebMvcAutoConfiguration.EnableWebMvcConfiguration#localeResolver matched:
      - @ConditionalOnMissingBean (names: localeResolver; SearchStrategy: all) did not find any beans (OnBeanCondition)

   WebMvcAutoConfiguration.EnableWebMvcConfiguration#viewNameTranslator matched:
      - @ConditionalOnMissingBean (names: viewNameTranslator; SearchStrategy: all) did not find any beans (OnBeanCondition)

   WebMvcAutoConfiguration.WebMvcAutoConfigurationAdapter#defaultViewResolver matched:
      - @ConditionalOnMissingBean (types: org.springframework.web.servlet.view.InternalResourceViewResolver; SearchStrategy: all) did not find any beans (OnBeanCondition)

   WebMvcAutoConfiguration.WebMvcAutoConfigurationAdapter#requestContextFilter matched:
      - @ConditionalOnMissingBean (types: org.springframework.web.context.request.RequestContextListener,org.springframework.web.filter.RequestContextFilter; SearchStrategy: all) did not find any beans (OnBeanCondition)

   WebMvcAutoConfiguration.WebMvcAutoConfigurationAdapter#viewResolver matched:
      - @ConditionalOnBean (types: org.springframework.web.servlet.ViewResolver; SearchStrategy: all) found beans 'defaultViewResolver', 'beanNameViewResolver', 'mvcViewResolver'; @ConditionalOnMissingBean (names: viewResolver types: org.springframework.web.servlet.view.ContentNegotiatingViewResolver; SearchStrategy: all) did not find any beans (OnBeanCondition)


Negative matches:
-----------------

   AopAutoConfiguration.AspectJAutoProxyingConfiguration:
      Did not match:
         - @ConditionalOnClass did not find required class 'org.aspectj.weaver.Advice' (OnClassCondition)

   DefaultTaskSchedulerConfiguration#taskSchedulerVirtualThreads:
      Did not match:
         - @ConditionalOnThreading did not find VIRTUAL (OnThreadingCondition)
      Matched:
         - @ConditionalOnBean (types: org.springframework.boot.task.SimpleAsyncTaskSchedulerBuilder; SearchStrategy: all) found bean 'simpleAsyncTaskSchedulerBuilder' (OnBeanCondition)

   DispatcherServletAutoConfiguration.DispatcherServletConfiguration#multipartResolver:
      Did not match:
         - @ConditionalOnBean (types: org.springframework.web.multipart.MultipartResolver; SearchStrategy: all) did not find any beans of type org.springframework.web.multipart.MultipartResolver (OnBeanCondition)

   GsonHttpMessageConvertersConfiguration:
      Did not match:
         - @ConditionalOnClass did not find required class 'com.google.gson.Gson' (OnClassCondition)

   Jackson2HttpMessageConvertersConfiguration.MappingJackson2HttpMessageConverterConfiguration:
      Did not match:
         - @ConditionalOnClass did not find required class 'com.fasterxml.jackson.databind.ObjectMapper' (OnClassCondition)

   Jackson2HttpMessageConvertersConfiguration.MappingJackson2XmlHttpMessageConverterConfiguration:
      Did not match:
         - @ConditionalOnClass did not find required class 'com.fasterxml.jackson.dataformat.xml.XmlMapper' (OnClassCondition)

   JacksonAutoConfiguration.CborConfiguration:
      Did not match:
         - @ConditionalOnClass did not find required class 'tools.jackson.dataformat.cbor.CBORMapper' (OnClassCondition)

   JacksonAutoConfiguration.XmlConfiguration:
      Did not match:
         - @ConditionalOnClass did not find required class 'tools.jackson.dataformat.xml.XmlMapper' (OnClassCondition)

   JacksonHttpMessageConvertersConfiguration.JacksonXmlHttpMessageConverterConfiguration:
      Did not match:
         - @ConditionalOnClass did not find required class 'tools.jackson.dataformat.xml.XmlMapper' (OnClassCondition)

   JmxAutoConfiguration:
      Did not match:
         - @ConditionalOnBooleanProperty (spring.jmx.enabled=true) did not find property 'spring.jmx.enabled' (OnPropertyCondition)
      Matched:
         - @ConditionalOnClass found required class 'org.springframework.jmx.export.MBeanExporter' (OnClassCondition)

   JsonbHttpMessageConvertersConfiguration:
      Did not match:
         - @ConditionalOnClass did not find required class 'jakarta.json.bind.Jsonb' (OnClassCondition)

   KotlinSerializationHttpMessageConvertersConfiguration:
      Did not match:
         - @ConditionalOnClass did not find required classes 'kotlinx.serialization.Serializable', 'kotlinx.serialization.json.Json' (OnClassCondition)

   MessageSourceAutoConfiguration:
      Did not match:
         - ResourceBundle did not find bundle with basename messages (MessageSourceAutoConfiguration.ResourceBundleCondition)

   ProjectInfoAutoConfiguration#buildProperties:
      Did not match:
         - @ConditionalOnResource did not find resource '${spring.info.build.location:classpath:META-INF/build-info.properties}' (OnResourceCondition)

   ProjectInfoAutoConfiguration#gitProperties:
      Did not match:
         - GitResource did not find git info at classpath:git.properties (ProjectInfoAutoConfiguration.GitResourceAvailableCondition)

   ServletHttpExchangesAutoConfiguration:
      Did not match:
         - @ConditionalOnBean did not find required type 'org.springframework.boot.actuate.web.exchanges.HttpExchangeRepository' (OnBeanCondition)

   ServletManagementContextAutoConfiguration:
      Did not match:
         - @ConditionalOnClass did not find required class 'org.springframework.boot.actuate.autoconfigure.endpoint.web.WebEndpointProperties' (OnClassCondition)

   ServletMappingsAutoConfiguration:
      Did not match:
         - @ConditionalOnClass did not find required class 'org.springframework.boot.actuate.autoconfigure.endpoint.condition.ConditionalOnAvailableEndpoint' (OnClassCondition)

   ServletWebServerConfiguration#forwardedHeaderFilter:
      Did not match:
         - @ConditionalOnProperty (server.forward-headers-strategy=framework) did not find property 'server.forward-headers-strategy' (OnPropertyCondition)

   SpringApplicationAdminJmxAutoConfiguration:
      Did not match:
         - @ConditionalOnBooleanProperty (spring.application.admin.enabled=true) did not find property 'spring.application.admin.enabled' (OnPropertyCondition)

   TaskExecutorConfigurations.AsyncConfigurerWrapperConfiguration:
      Did not match:
         - @ConditionalOnBean (types: org.springframework.scheduling.annotation.AsyncConfigurer; SearchStrategy: all) did not find any beans of type org.springframework.scheduling.annotation.AsyncConfigurer (OnBeanCondition)

   TaskExecutorConfigurations.SimpleAsyncTaskExecutorBuilderConfiguration#simpleAsyncTaskExecutorBuilderVirtualThreads:
      Did not match:
         - @ConditionalOnMissingBean (types: org.springframework.boot.task.SimpleAsyncTaskExecutorBuilder; SearchStrategy: all) found beans of type 'org.springframework.boot.task.SimpleAsyncTaskExecutorBuilder' simpleAsyncTaskExecutorBuilder (OnBeanCondition)

   TaskExecutorConfigurations.TaskExecutorConfiguration#applicationTaskExecutorVirtualThreads:
      Did not match:
         - @ConditionalOnThreading did not find VIRTUAL (OnThreadingCondition)

   TaskExecutorConfigurations.TaskExecutorContextPropagationConfiguration:
      Did not match:
         - @ConditionalOnClass did not find required class 'io.micrometer.context.ContextSnapshot' (OnClassCondition)

   TaskSchedulingConfigurations.SimpleAsyncTaskSchedulerBuilderConfiguration#simpleAsyncTaskSchedulerBuilderVirtualThreads:
      Did not match:
         - @ConditionalOnMissingBean (types: org.springframework.boot.task.SimpleAsyncTaskSchedulerBuilder; SearchStrategy: all) found beans of type 'org.springframework.boot.task.SimpleAsyncTaskSchedulerBuilder' simpleAsyncTaskSchedulerBuilder (OnBeanCondition)

   TemplateEngineConfigurations.ReactiveTemplateEngineConfiguration:
      Did not match:
         - did not find reactive web application classes (OnWebApplicationCondition)

   ThymeleafAutoConfiguration.DataAttributeDialectConfiguration:
      Did not match:
         - @ConditionalOnClass did not find required class 'com.github.mxab.thymeleaf.extras.dataattribute.dialect.DataAttributeDialect' (OnClassCondition)

   ThymeleafAutoConfiguration.ThymeleafSecurityDialectConfiguration:
      Did not match:
         - @ConditionalOnClass did not find required classes 'org.thymeleaf.extras.springsecurity6.dialect.SpringSecurityDialect', 'org.springframework.security.web.server.csrf.CsrfToken' (OnClassCondition)

   ThymeleafAutoConfiguration.ThymeleafWebFluxConfiguration:
      Did not match:
         - did not find reactive web application classes (OnWebApplicationCondition)

   ThymeleafAutoConfiguration.ThymeleafWebLayoutConfiguration:
      Did not match:
         - @ConditionalOnClass did not find required class 'nz.net.ultraq.thymeleaf.layoutdialect.LayoutDialect' (OnClassCondition)

   ThymeleafAutoConfiguration.ThymeleafWebMvcConfiguration#resourceUrlEncodingFilter:
      Did not match:
         - @ConditionalOnEnabledResourceChain did not find class org.webjars.WebJarVersionLocator (OnEnabledResourceChainCondition)

   TomcatMetricsAutoConfiguration:
      Did not match:
         - @ConditionalOnClass did not find required class 'io.micrometer.core.instrument.binder.tomcat.TomcatMetrics' (OnClassCondition)

   TomcatReactiveManagementContextAutoConfiguration:
      Did not match:
         - @ConditionalOnClass did not find required class 'org.springframework.boot.actuate.autoconfigure.web.server.ManagementContextFactory' (OnClassCondition)

   TomcatReactiveWebServerAutoConfiguration:
      Did not match:
         - @ConditionalOnWebApplication did not find reactive web application classes (OnWebApplicationCondition)

   TomcatServletManagementContextAutoConfiguration:
      Did not match:
         - @ConditionalOnClass did not find required class 'org.springframework.boot.actuate.autoconfigure.web.server.ManagementContextFactory' (OnClassCondition)

   TomcatServletWebServerAutoConfiguration#tomcatForwardedHeaderFilterCustomizer:
      Did not match:
         - @ConditionalOnProperty (server.forward-headers-strategy=framework) did not find property 'server.forward-headers-strategy' (OnPropertyCondition)

   TomcatWebServerConfiguration#tomcatVirtualThreadsProtocolHandlerCustomizer:
      Did not match:
         - @ConditionalOnThreading did not find VIRTUAL (OnThreadingCondition)

   WebMvcAutoConfiguration#hiddenHttpMethodFilter:
      Did not match:
         - @ConditionalOnBooleanProperty (spring.mvc.hiddenmethod.filter.enabled=true) did not find property 'spring.mvc.hiddenmethod.filter.enabled' (OnPropertyCondition)

   WebMvcAutoConfiguration.ProblemDetailsErrorHandlingConfiguration:
      Did not match:
         - @ConditionalOnBooleanProperty (spring.mvc.problemdetails.enabled=true) did not find property 'spring.mvc.problemdetails.enabled' (OnPropertyCondition)

   WebMvcAutoConfiguration.ResourceChainCustomizerConfiguration:
      Did not match:
         - @ConditionalOnEnabledResourceChain did not find class org.webjars.WebJarVersionLocator (OnEnabledResourceChainCondition)

   WebMvcAutoConfiguration.WebMvcAutoConfigurationAdapter#beanNameViewResolver:
      Did not match:
         - @ConditionalOnMissingBean (types: org.springframework.web.servlet.view.BeanNameViewResolver; SearchStrategy: all) found beans of type 'org.springframework.web.servlet.view.BeanNameViewResolver' beanNameViewResolver (OnBeanCondition)

   WebMvcHealthEndpointExtensionAutoConfiguration:
      Did not match:
         - @ConditionalOnClass did not find required class 'org.springframework.boot.health.actuate.endpoint.HealthEndpoint' (OnClassCondition)

   WebMvcMappingsAutoConfiguration:
      Did not match:
         - @ConditionalOnClass did not find required class 'org.springframework.boot.actuate.autoconfigure.endpoint.condition.ConditionalOnAvailableEndpoint' (OnClassCondition)

   WebMvcObservationAutoConfiguration:
      Did not match:
         - @ConditionalOnClass did not find required class 'org.springframework.boot.micrometer.observation.autoconfigure.ObservationProperties' (OnClassCondition)


Exclusions:
-----------

    None


Unconditional classes:
----------------------

    org.springframework.boot.autoconfigure.context.ConfigurationPropertiesAutoConfiguration

    org.springframework.boot.autoconfigure.ssl.SslAutoConfiguration

    org.springframework.boot.autoconfigure.context.LifecycleAutoConfiguration

    org.springframework.boot.autoconfigure.context.PropertyPlaceholderAutoConfiguration

    org.springframework.boot.autoconfigure.availability.ApplicationAvailabilityAutoConfiguration

    org.springframework.boot.autoconfigure.info.ProjectInfoAutoConfiguration



2026-10-08T12:54:09.748+09:00  INFO 15712 --- [free-form-janken] [           main] com.example.janken.JankenApplication     : Started JankenApplication in 6.055 seconds (process running for 6.914)
2026-10-08T12:54:09.754+09:00 DEBUG 15712 --- [free-form-janken] [           main] o.s.b.a.ApplicationAvailabilityBean      : Application availability state LivenessState changed to CORRECT
2026-10-08T12:54:09.763+09:00 DEBUG 15712 --- [free-form-janken] [           main] o.s.b.a.ApplicationAvailabilityBean      : Application availability state ReadinessState changed to ACCEPTING_TRAFFIC
2026-10-08T12:55:00.943+09:00  INFO 15712 --- [free-form-janken] [io-18016-exec-1] o.a.c.c.C.[Tomcat].[localhost].[/]       : Initializing Spring DispatcherServlet 'dispatcherServlet'
2026-10-08T12:55:00.948+09:00  INFO 15712 --- [free-form-janken] [io-18016-exec-1] o.s.web.servlet.DispatcherServlet        : Initializing Servlet 'dispatcherServlet'
2026-10-08T12:55:00.949+09:00 DEBUG 15712 --- [free-form-janken] [io-18016-exec-1] o.s.web.servlet.DispatcherServlet        : Detected StandardServletMultipartResolver
2026-10-08T12:55:00.950+09:00 DEBUG 15712 --- [free-form-janken] [io-18016-exec-1] o.s.web.servlet.DispatcherServlet        : Detected AcceptHeaderLocaleResolver
2026-10-08T12:55:00.955+09:00 DEBUG 15712 --- [free-form-janken] [io-18016-exec-1] o.s.web.servlet.DispatcherServlet        : Detected org.springframework.web.servlet.view.DefaultRequestToViewNameTranslator@73809e7
2026-10-08T12:55:00.957+09:00 DEBUG 15712 --- [free-form-janken] [io-18016-exec-1] o.s.web.servlet.DispatcherServlet        : Detected org.springframework.web.servlet.support.SessionFlashMapManager@17ba57f0
2026-10-08T12:55:00.958+09:00 DEBUG 15712 --- [free-form-janken] [io-18016-exec-1] o.s.web.servlet.DispatcherServlet        : enableLoggingRequestDetails='false': request parameters and headers will be masked to prevent unsafe logging of potentially sensitive data
2026-10-08T12:55:00.959+09:00  INFO 15712 --- [free-form-janken] [io-18016-exec-1] o.s.web.servlet.DispatcherServlet        : Completed initialization in 11 ms
2026-10-08T12:55:00.993+09:00 DEBUG 15712 --- [free-form-janken] [io-18016-exec-1] o.s.web.servlet.DispatcherServlet        : GET "/", parameters={}
2026-10-08T12:55:01.022+09:00 DEBUG 15712 --- [free-form-janken] [io-18016-exec-1] s.w.s.m.m.a.RequestMappingHandlerMapping : Mapped to com.example.janken.controller.AuthController#index(HttpServletRequest, Model)
2026-10-08T12:55:01.116+09:00 TRACE 15712 --- [free-form-janken] [io-18016-exec-1] s.a.ScheduledAnnotationBeanPostProcessor : No @Scheduled annotations found on bean class: class org.thymeleaf.spring6.view.ThymeleafView
2026-10-08T12:55:01.122+09:00 TRACE 15712 --- [free-form-janken] [io-18016-exec-1] s.a.ScheduledAnnotationBeanPostProcessor : No @Scheduled annotations found on bean class: class org.springframework.web.servlet.view.InternalResourceView
2026-10-08T12:55:01.123+09:00 DEBUG 15712 --- [free-form-janken] [io-18016-exec-1] o.s.w.s.v.ContentNegotiatingViewResolver : Selected '*/*' given [*/*]
2026-10-08T12:55:01.732+09:00 DEBUG 15712 --- [free-form-janken] [io-18016-exec-1] o.s.web.servlet.DispatcherServlet        : Completed 200 OK
2026-10-08T12:55:01.759+09:00 DEBUG 15712 --- [free-form-janken] [io-18016-exec-2] o.s.web.servlet.DispatcherServlet        : POST "/login", parameters={masked}
2026-10-08T12:55:01.762+09:00 DEBUG 15712 --- [free-form-janken] [io-18016-exec-2] s.w.s.m.m.a.RequestMappingHandlerMapping : Mapped to com.example.janken.controller.AuthController#login(LoginForm, HttpServletRequest)
2026-10-08T12:55:01.799+09:00 TRACE 15712 --- [free-form-janken] [io-18016-exec-2] s.a.ScheduledAnnotationBeanPostProcessor : No @Scheduled annotations found on bean class: class org.springframework.web.servlet.view.RedirectView
2026-10-08T12:55:01.802+09:00 DEBUG 15712 --- [free-form-janken] [io-18016-exec-2] o.s.web.servlet.view.RedirectView        : View name [redirect:], model {}
2026-10-08T12:55:01.804+09:00 DEBUG 15712 --- [free-form-janken] [io-18016-exec-2] o.s.web.servlet.DispatcherServlet        : Completed 302 FOUND
2026-10-08T12:55:01.813+09:00 DEBUG 15712 --- [free-form-janken] [io-18016-exec-3] o.s.web.servlet.DispatcherServlet        : POST "/rooms/enter", parameters={masked}
2026-10-08T12:55:01.815+09:00 DEBUG 15712 --- [free-form-janken] [io-18016-exec-3] s.w.s.m.m.a.RequestMappingHandlerMapping : Mapped to com.example.janken.controller.RoomController#enter(RoomEnterForm, HttpServletRequest)
2026-10-08T12:55:01.819+09:00 DEBUG 15712 --- [free-form-janken] [io-18016-exec-3] o.s.web.servlet.view.RedirectView        : View name [redirect:], model {}
2026-10-08T12:55:01.820+09:00 DEBUG 15712 --- [free-form-janken] [io-18016-exec-3] o.s.web.servlet.DispatcherServlet        : Completed 302 FOUND
2026-10-08T12:55:01.825+09:00 DEBUG 15712 --- [free-form-janken] [io-18016-exec-5] o.s.web.servlet.DispatcherServlet        : GET "/api/status", parameters={}
2026-10-08T12:55:01.826+09:00 DEBUG 15712 --- [free-form-janken] [io-18016-exec-5] s.w.s.m.m.a.RequestMappingHandlerMapping : Mapped to com.example.janken.controller.StatusApiController#status(String, HttpServletRequest)
2026-10-08T12:55:01.852+09:00 DEBUG 15712 --- [free-form-janken] [io-18016-exec-5] m.m.a.RequestResponseBodyMethodProcessor : Using 'application/json', given [*/*] and supported [application/json, application/*+json]
2026-10-08T12:55:01.900+09:00 DEBUG 15712 --- [free-form-janken] [io-18016-exec-5] m.m.a.RequestResponseBodyMethodProcessor : Writing [StatusView[serverTime=2026-10-08T03:55:01.829905600Z, userState=ROOM_WAITING, currentRoomId=b879d677 (truncated)...]
2026-10-08T12:55:02.056+09:00 DEBUG 15712 --- [free-form-janken] [io-18016-exec-5] o.s.web.servlet.DispatcherServlet        : Completed 200 OK
2026-10-08T12:55:02.063+09:00 DEBUG 15712 --- [free-form-janken] [io-18016-exec-4] o.s.web.servlet.DispatcherServlet        : POST "/login", parameters={masked}
2026-10-08T12:55:02.064+09:00 DEBUG 15712 --- [free-form-janken] [io-18016-exec-4] s.w.s.m.m.a.RequestMappingHandlerMapping : Mapped to com.example.janken.controller.AuthController#login(LoginForm, HttpServletRequest)
2026-10-08T12:55:02.067+09:00 DEBUG 15712 --- [free-form-janken] [io-18016-exec-4] o.s.web.servlet.view.RedirectView        : View name [redirect:], model {}
2026-10-08T12:55:02.068+09:00 DEBUG 15712 --- [free-form-janken] [io-18016-exec-4] o.s.web.servlet.DispatcherServlet        : Completed 302 FOUND
2026-10-08T12:55:02.072+09:00 DEBUG 15712 --- [free-form-janken] [io-18016-exec-6] o.s.web.servlet.DispatcherServlet        : POST "/rooms/enter", parameters={masked}
2026-10-08T12:55:02.073+09:00 DEBUG 15712 --- [free-form-janken] [io-18016-exec-6] s.w.s.m.m.a.RequestMappingHandlerMapping : Mapped to com.example.janken.controller.RoomController#enter(RoomEnterForm, HttpServletRequest)
2026-10-08T12:55:02.075+09:00 DEBUG 15712 --- [free-form-janken] [io-18016-exec-6] o.s.web.servlet.view.RedirectView        : View name [redirect:], model {}
2026-10-08T12:55:02.075+09:00 DEBUG 15712 --- [free-form-janken] [io-18016-exec-6] o.s.web.servlet.DispatcherServlet        : Completed 302 FOUND
2026-10-08T12:55:02.079+09:00 DEBUG 15712 --- [free-form-janken] [io-18016-exec-8] o.s.web.servlet.DispatcherServlet        : GET "/api/status", parameters={}
2026-10-08T12:55:02.079+09:00 DEBUG 15712 --- [free-form-janken] [io-18016-exec-8] s.w.s.m.m.a.RequestMappingHandlerMapping : Mapped to com.example.janken.controller.StatusApiController#status(String, HttpServletRequest)
2026-10-08T12:55:02.080+09:00 DEBUG 15712 --- [free-form-janken] [io-18016-exec-8] m.m.a.RequestResponseBodyMethodProcessor : Using 'application/json', given [*/*] and supported [application/json, application/*+json]
2026-10-08T12:55:02.081+09:00 DEBUG 15712 --- [free-form-janken] [io-18016-exec-8] m.m.a.RequestResponseBodyMethodProcessor : Writing [StatusView[serverTime=2026-10-08T03:55:02.080159300Z, userState=ROOM_WAITING, currentRoomId=b879d677 (truncated)...]
2026-10-08T12:55:02.083+09:00 DEBUG 15712 --- [free-form-janken] [io-18016-exec-8] o.s.web.servlet.DispatcherServlet        : Completed 200 OK
2026-10-08T12:55:02.086+09:00 DEBUG 15712 --- [free-form-janken] [io-18016-exec-9] o.s.web.servlet.DispatcherServlet        : POST "/login", parameters={masked}
2026-10-08T12:55:02.086+09:00 DEBUG 15712 --- [free-form-janken] [io-18016-exec-9] s.w.s.m.m.a.RequestMappingHandlerMapping : Mapped to com.example.janken.controller.AuthController#login(LoginForm, HttpServletRequest)
2026-10-08T12:55:02.089+09:00 DEBUG 15712 --- [free-form-janken] [io-18016-exec-9] o.s.web.servlet.view.RedirectView        : View name [redirect:], model {}
2026-10-08T12:55:02.090+09:00 DEBUG 15712 --- [free-form-janken] [io-18016-exec-9] o.s.web.servlet.DispatcherServlet        : Completed 302 FOUND
2026-10-08T12:55:02.094+09:00 DEBUG 15712 --- [free-form-janken] [io-18016-exec-7] o.s.web.servlet.DispatcherServlet        : POST "/rooms/enter", parameters={masked}
2026-10-08T12:55:02.095+09:00 DEBUG 15712 --- [free-form-janken] [io-18016-exec-7] s.w.s.m.m.a.RequestMappingHandlerMapping : Mapped to com.example.janken.controller.RoomController#enter(RoomEnterForm, HttpServletRequest)
2026-10-08T12:55:02.099+09:00 DEBUG 15712 --- [free-form-janken] [io-18016-exec-7] o.s.web.servlet.view.RedirectView        : View name [redirect:], model {}
2026-10-08T12:55:02.100+09:00 DEBUG 15712 --- [free-form-janken] [io-18016-exec-7] o.s.web.servlet.DispatcherServlet        : Completed 302 FOUND
2026-10-08T12:55:02.107+09:00 DEBUG 15712 --- [free-form-janken] [o-18016-exec-10] o.s.web.servlet.DispatcherServlet        : GET "/api/status", parameters={}
2026-10-08T12:55:02.107+09:00 DEBUG 15712 --- [free-form-janken] [o-18016-exec-10] s.w.s.m.m.a.RequestMappingHandlerMapping : Mapped to com.example.janken.controller.StatusApiController#status(String, HttpServletRequest)
2026-10-08T12:55:02.108+09:00 DEBUG 15712 --- [free-form-janken] [o-18016-exec-10] m.m.a.RequestResponseBodyMethodProcessor : Using 'application/json', given [*/*] and supported [application/json, application/*+json]
2026-10-08T12:55:02.109+09:00 DEBUG 15712 --- [free-form-janken] [o-18016-exec-10] m.m.a.RequestResponseBodyMethodProcessor : Writing [StatusView[serverTime=2026-10-08T03:55:02.108088400Z, userState=ROOM_WAITING, currentRoomId=4d755f89 (truncated)...]
2026-10-08T12:55:02.110+09:00 DEBUG 15712 --- [free-form-janken] [o-18016-exec-10] o.s.web.servlet.DispatcherServlet        : Completed 200 OK
2026-10-08T12:55:02.114+09:00 DEBUG 15712 --- [free-form-janken] [io-18016-exec-1] o.s.web.servlet.DispatcherServlet        : POST "/login", parameters={masked}
2026-10-08T12:55:02.115+09:00 DEBUG 15712 --- [free-form-janken] [io-18016-exec-1] s.w.s.m.m.a.RequestMappingHandlerMapping : Mapped to com.example.janken.controller.AuthController#login(LoginForm, HttpServletRequest)
2026-10-08T12:55:02.120+09:00 DEBUG 15712 --- [free-form-janken] [io-18016-exec-1] o.s.web.servlet.view.RedirectView        : View name [redirect:], model {}
2026-10-08T12:55:02.121+09:00 DEBUG 15712 --- [free-form-janken] [io-18016-exec-1] o.s.web.servlet.DispatcherServlet        : Completed 302 FOUND
2026-10-08T12:55:02.127+09:00 DEBUG 15712 --- [free-form-janken] [io-18016-exec-2] o.s.web.servlet.DispatcherServlet        : POST "/rooms/enter", parameters={masked}
2026-10-08T12:55:02.128+09:00 DEBUG 15712 --- [free-form-janken] [io-18016-exec-2] s.w.s.m.m.a.RequestMappingHandlerMapping : Mapped to com.example.janken.controller.RoomController#enter(RoomEnterForm, HttpServletRequest)
2026-10-08T12:55:02.129+09:00 DEBUG 15712 --- [free-form-janken] [io-18016-exec-2] o.s.web.servlet.view.RedirectView        : View name [redirect:], model {}
2026-10-08T12:55:02.130+09:00 DEBUG 15712 --- [free-form-janken] [io-18016-exec-2] o.s.web.servlet.DispatcherServlet        : Completed 302 FOUND
2026-10-08T12:55:02.136+09:00 DEBUG 15712 --- [free-form-janken] [io-18016-exec-3] o.s.web.servlet.DispatcherServlet        : GET "/api/status", parameters={}
2026-10-08T12:55:02.137+09:00 DEBUG 15712 --- [free-form-janken] [io-18016-exec-3] s.w.s.m.m.a.RequestMappingHandlerMapping : Mapped to com.example.janken.controller.StatusApiController#status(String, HttpServletRequest)
2026-10-08T12:55:02.138+09:00 DEBUG 15712 --- [free-form-janken] [io-18016-exec-3] m.m.a.RequestResponseBodyMethodProcessor : Using 'application/json', given [*/*] and supported [application/json, application/*+json]
2026-10-08T12:55:02.139+09:00 DEBUG 15712 --- [free-form-janken] [io-18016-exec-3] m.m.a.RequestResponseBodyMethodProcessor : Writing [StatusView[serverTime=2026-10-08T03:55:02.138503100Z, userState=ROOM_WAITING, currentRoomId=4d755f89 (truncated)...]
2026-10-08T12:55:02.139+09:00 DEBUG 15712 --- [free-form-janken] [io-18016-exec-3] o.s.web.servlet.DispatcherServlet        : Completed 200 OK
2026-10-08T12:55:02.144+09:00 DEBUG 15712 --- [free-form-janken] [io-18016-exec-5] o.s.web.servlet.DispatcherServlet        : POST "/original-hand/save", parameters={masked}
2026-10-08T12:55:02.145+09:00 DEBUG 15712 --- [free-form-janken] [io-18016-exec-5] s.w.s.m.m.a.RequestMappingHandlerMapping : Mapped to com.example.janken.controller.OriginalHandController#save(OriginalHandForm, BindingResult, HttpServletRequest, HttpServletResponse, Model)
2026-10-08T12:55:02.160+09:00 DEBUG 15712 --- [free-form-janken] [io-18016-exec-5] o.s.web.servlet.view.RedirectView        : View name [redirect:], model {}
2026-10-08T12:55:02.161+09:00 DEBUG 15712 --- [free-form-janken] [io-18016-exec-5] o.s.web.servlet.DispatcherServlet        : Completed 302 FOUND
2026-10-08T12:55:02.164+09:00 DEBUG 15712 --- [free-form-janken] [io-18016-exec-4] o.s.web.servlet.DispatcherServlet        : POST "/room/ready", parameters={masked}
2026-10-08T12:55:02.165+09:00 DEBUG 15712 --- [free-form-janken] [io-18016-exec-4] s.w.s.m.m.a.RequestMappingHandlerMapping : Mapped to com.example.janken.controller.RoomController#ready(RoomActionForm, HttpServletRequest)
2026-10-08T12:55:02.169+09:00 DEBUG 15712 --- [free-form-janken] [io-18016-exec-4] o.s.web.servlet.view.RedirectView        : View name [redirect:], model {}
2026-10-08T12:55:02.170+09:00 DEBUG 15712 --- [free-form-janken] [io-18016-exec-4] o.s.web.servlet.DispatcherServlet        : Completed 302 FOUND
2026-10-08T12:55:02.173+09:00 DEBUG 15712 --- [free-form-janken] [io-18016-exec-6] o.s.web.servlet.DispatcherServlet        : POST "/original-hand/save", parameters={masked}
2026-10-08T12:55:02.174+09:00 DEBUG 15712 --- [free-form-janken] [io-18016-exec-6] s.w.s.m.m.a.RequestMappingHandlerMapping : Mapped to com.example.janken.controller.OriginalHandController#save(OriginalHandForm, BindingResult, HttpServletRequest, HttpServletResponse, Model)
2026-10-08T12:55:02.175+09:00 DEBUG 15712 --- [free-form-janken] [io-18016-exec-6] o.s.web.servlet.view.RedirectView        : View name [redirect:], model {}
2026-10-08T12:55:02.176+09:00 DEBUG 15712 --- [free-form-janken] [io-18016-exec-6] o.s.web.servlet.DispatcherServlet        : Completed 302 FOUND
2026-10-08T12:55:02.179+09:00 DEBUG 15712 --- [free-form-janken] [io-18016-exec-8] o.s.web.servlet.DispatcherServlet        : POST "/room/ready", parameters={masked}
2026-10-08T12:55:02.179+09:00 DEBUG 15712 --- [free-form-janken] [io-18016-exec-8] s.w.s.m.m.a.RequestMappingHandlerMapping : Mapped to com.example.janken.controller.RoomController#ready(RoomActionForm, HttpServletRequest)
2026-10-08T12:55:02.181+09:00 DEBUG 15712 --- [free-form-janken] [io-18016-exec-8] o.s.web.servlet.view.RedirectView        : View name [redirect:], model {}
2026-10-08T12:55:02.181+09:00 DEBUG 15712 --- [free-form-janken] [io-18016-exec-8] o.s.web.servlet.DispatcherServlet        : Completed 302 FOUND
2026-10-08T12:55:02.185+09:00 DEBUG 15712 --- [free-form-janken] [io-18016-exec-9] o.s.web.servlet.DispatcherServlet        : POST "/room/rules", parameters={masked}
2026-10-08T12:55:02.186+09:00 DEBUG 15712 --- [free-form-janken] [io-18016-exec-9] s.w.s.m.m.a.RequestMappingHandlerMapping : Mapped to com.example.janken.controller.RoomController#rules(RoomRuleForm, BindingResult, HttpServletRequest)
2026-10-08T12:55:02.192+09:00 DEBUG 15712 --- [free-form-janken] [io-18016-exec-9] o.s.web.servlet.view.RedirectView        : View name [redirect:], model {}
2026-10-08T12:55:02.193+09:00 DEBUG 15712 --- [free-form-janken] [io-18016-exec-9] o.s.web.servlet.DispatcherServlet        : Completed 302 FOUND
2026-10-08T12:55:02.197+09:00 DEBUG 15712 --- [free-form-janken] [io-18016-exec-7] o.s.web.servlet.DispatcherServlet        : POST "/room/start", parameters={masked}
2026-10-08T12:55:02.198+09:00 DEBUG 15712 --- [free-form-janken] [io-18016-exec-7] s.w.s.m.m.a.RequestMappingHandlerMapping : Mapped to com.example.janken.controller.RoomController#start(RoomActionForm, HttpServletRequest)
2026-10-08T12:55:02.205+09:00 DEBUG 15712 --- [free-form-janken] [io-18016-exec-7] o.s.web.servlet.view.RedirectView        : View name [redirect:], model {}
2026-10-08T12:55:02.206+09:00 DEBUG 15712 --- [free-form-janken] [io-18016-exec-7] o.s.web.servlet.DispatcherServlet        : Completed 302 FOUND
2026-10-08T12:55:02.212+09:00 DEBUG 15712 --- [free-form-janken] [o-18016-exec-10] o.s.web.servlet.DispatcherServlet        : GET "/api/status", parameters={}
2026-10-08T12:55:02.213+09:00 DEBUG 15712 --- [free-form-janken] [o-18016-exec-10] s.w.s.m.m.a.RequestMappingHandlerMapping : Mapped to com.example.janken.controller.StatusApiController#status(String, HttpServletRequest)
2026-10-08T12:55:02.215+09:00 DEBUG 15712 --- [free-form-janken] [o-18016-exec-10] m.m.a.RequestResponseBodyMethodProcessor : Using 'application/json', given [*/*] and supported [application/json, application/*+json]
2026-10-08T12:55:02.215+09:00 DEBUG 15712 --- [free-form-janken] [o-18016-exec-10] m.m.a.RequestResponseBodyMethodProcessor : Writing [StatusView[serverTime=2026-10-08T03:55:02.214388200Z, userState=PLAYING, currentRoomId=4d755f89-6c08 (truncated)...]
2026-10-08T12:55:02.216+09:00 DEBUG 15712 --- [free-form-janken] [o-18016-exec-10] o.s.web.servlet.DispatcherServlet        : Completed 200 OK
2026-10-08T12:55:02.219+09:00 DEBUG 15712 --- [free-form-janken] [io-18016-exec-1] o.s.web.servlet.DispatcherServlet        : POST "/play", parameters={masked}
2026-10-08T12:55:02.219+09:00 DEBUG 15712 --- [free-form-janken] [io-18016-exec-1] s.w.s.m.m.a.RequestMappingHandlerMapping : Mapped to com.example.janken.controller.GameController#submitHand(HandSelectionForm, HttpServletRequest)
2026-10-08T12:55:02.227+09:00 DEBUG 15712 --- [free-form-janken] [io-18016-exec-1] o.s.web.servlet.view.RedirectView        : View name [redirect:], model {}
2026-10-08T12:55:02.228+09:00 DEBUG 15712 --- [free-form-janken] [io-18016-exec-1] o.s.web.servlet.DispatcherServlet        : Completed 302 FOUND
2026-10-08T12:55:02.232+09:00 DEBUG 15712 --- [free-form-janken] [io-18016-exec-2] o.s.web.servlet.DispatcherServlet        : POST "/play", parameters={masked}
2026-10-08T12:55:02.232+09:00 DEBUG 15712 --- [free-form-janken] [io-18016-exec-2] s.w.s.m.m.a.RequestMappingHandlerMapping : Mapped to com.example.janken.controller.GameController#submitHand(HandSelectionForm, HttpServletRequest)
2026-10-08T12:55:02.238+09:00 DEBUG 15712 --- [free-form-janken] [io-18016-exec-2] o.s.web.servlet.view.RedirectView        : View name [redirect:], model {}
2026-10-08T12:55:02.239+09:00 DEBUG 15712 --- [free-form-janken] [io-18016-exec-2] o.s.web.servlet.DispatcherServlet        : Completed 302 FOUND
2026-10-08T12:55:02.241+09:00 DEBUG 15712 --- [free-form-janken] [io-18016-exec-3] o.s.web.servlet.DispatcherServlet        : GET "/api/status?matchId=b43913df-a6e1-493a-93fa-2e82e4015a7e", parameters={masked}
2026-10-08T12:55:02.242+09:00 DEBUG 15712 --- [free-form-janken] [io-18016-exec-3] s.w.s.m.m.a.RequestMappingHandlerMapping : Mapped to com.example.janken.controller.StatusApiController#status(String, HttpServletRequest)
2026-10-08T12:55:02.244+09:00 DEBUG 15712 --- [free-form-janken] [io-18016-exec-3] m.m.a.RequestResponseBodyMethodProcessor : Using 'application/json', given [*/*] and supported [application/json, application/*+json]
2026-10-08T12:55:02.245+09:00 DEBUG 15712 --- [free-form-janken] [io-18016-exec-3] m.m.a.RequestResponseBodyMethodProcessor : Writing [StatusView[serverTime=2026-10-08T03:55:02.243278700Z, userState=PLAYING, currentRoomId=4d755f89-6c08 (truncated)...]
2026-10-08T12:55:02.246+09:00 DEBUG 15712 --- [free-form-janken] [io-18016-exec-3] o.s.web.servlet.DispatcherServlet        : Completed 200 OK
2026-10-08T12:55:02.252+09:00 DEBUG 15712 --- [free-form-janken] [io-18016-exec-5] o.s.web.servlet.DispatcherServlet        : GET "/api/status", parameters={}
2026-10-08T12:55:02.253+09:00 DEBUG 15712 --- [free-form-janken] [io-18016-exec-5] s.w.s.m.m.a.RequestMappingHandlerMapping : Mapped to com.example.janken.controller.StatusApiController#status(String, HttpServletRequest)
2026-10-08T12:55:02.254+09:00 DEBUG 15712 --- [free-form-janken] [io-18016-exec-5] m.m.a.RequestResponseBodyMethodProcessor : Using 'application/json', given [*/*] and supported [application/json, application/*+json]
2026-10-08T12:55:02.254+09:00 DEBUG 15712 --- [free-form-janken] [io-18016-exec-5] m.m.a.RequestResponseBodyMethodProcessor : Writing [StatusView[serverTime=2026-10-08T03:55:02.253339300Z, userState=ROOM_WAITING, currentRoomId=b879d677 (truncated)...]
2026-10-08T12:55:02.256+09:00 DEBUG 15712 --- [free-form-janken] [io-18016-exec-5] o.s.web.servlet.DispatcherServlet        : Completed 200 OK
2026-10-08T12:55:02.262+09:00 DEBUG 15712 --- [free-form-janken] [io-18016-exec-4] o.s.web.servlet.DispatcherServlet        : GET "/api/status?matchId=b43913df-a6e1-493a-93fa-2e82e4015a7e", parameters={masked}
2026-10-08T12:55:02.263+09:00 DEBUG 15712 --- [free-form-janken] [io-18016-exec-4] s.w.s.m.m.a.RequestMappingHandlerMapping : Mapped to com.example.janken.controller.StatusApiController#status(String, HttpServletRequest)
2026-10-08T12:55:02.264+09:00 DEBUG 15712 --- [free-form-janken] [io-18016-exec-4] m.m.a.RequestResponseBodyMethodProcessor : Using 'application/json', given [*/*] and supported [application/json, application/*+json]
2026-10-08T12:55:02.265+09:00 DEBUG 15712 --- [free-form-janken] [io-18016-exec-4] m.m.a.RequestResponseBodyMethodProcessor : Writing [StatusView[serverTime=2026-10-08T03:55:02.264407Z, userState=PLAYING, currentRoomId=4d755f89-6c08-4d (truncated)...]
2026-10-08T12:55:02.266+09:00 DEBUG 15712 --- [free-form-janken] [io-18016-exec-4] o.s.web.servlet.DispatcherServlet        : Completed 200 OK
2026-10-08T12:55:02.269+09:00 DEBUG 15712 --- [free-form-janken] [io-18016-exec-6] o.s.web.servlet.DispatcherServlet        : GET "/api/status?matchId=b43913df-a6e1-493a-93fa-2e82e4015a7e", parameters={masked}
2026-10-08T12:55:02.269+09:00 DEBUG 15712 --- [free-form-janken] [io-18016-exec-6] s.w.s.m.m.a.RequestMappingHandlerMapping : Mapped to com.example.janken.controller.StatusApiController#status(String, HttpServletRequest)
2026-10-08T12:55:02.270+09:00 DEBUG 15712 --- [free-form-janken] [io-18016-exec-6] m.m.a.RequestResponseBodyMethodProcessor : Using 'application/json', given [*/*] and supported [application/json, application/*+json]
2026-10-08T12:55:02.271+09:00 DEBUG 15712 --- [free-form-janken] [io-18016-exec-6] m.m.a.RequestResponseBodyMethodProcessor : Writing [StatusView[serverTime=2026-10-08T03:55:02.270412300Z, userState=PLAYING, currentRoomId=4d755f89-6c08 (truncated)...]
2026-10-08T12:55:02.272+09:00 DEBUG 15712 --- [free-form-janken] [io-18016-exec-6] o.s.web.servlet.DispatcherServlet        : Completed 200 OK
2026-10-08T12:55:04.279+09:00 DEBUG 15712 --- [free-form-janken] [io-18016-exec-8] o.s.web.servlet.DispatcherServlet        : GET "/api/status", parameters={}
2026-10-08T12:55:04.283+09:00 DEBUG 15712 --- [free-form-janken] [io-18016-exec-8] s.w.s.m.m.a.RequestMappingHandlerMapping : Mapped to com.example.janken.controller.StatusApiController#status(String, HttpServletRequest)
2026-10-08T12:55:04.284+09:00 DEBUG 15712 --- [free-form-janken] [io-18016-exec-8] m.m.a.RequestResponseBodyMethodProcessor : Using 'application/json', given [*/*] and supported [application/json, application/*+json]
2026-10-08T12:55:04.285+09:00 DEBUG 15712 --- [free-form-janken] [io-18016-exec-8] m.m.a.RequestResponseBodyMethodProcessor : Writing [StatusView[serverTime=2026-10-08T03:55:04.284627600Z, userState=ROOM_WAITING, currentRoomId=b879d677 (truncated)...]
2026-10-08T12:55:04.286+09:00 DEBUG 15712 --- [free-form-janken] [io-18016-exec-8] o.s.web.servlet.DispatcherServlet        : Completed 200 OK
2026-10-08T12:55:04.288+09:00 DEBUG 15712 --- [free-form-janken] [io-18016-exec-9] o.s.web.servlet.DispatcherServlet        : GET "/api/status?matchId=b43913df-a6e1-493a-93fa-2e82e4015a7e", parameters={masked}
2026-10-08T12:55:04.289+09:00 DEBUG 15712 --- [free-form-janken] [io-18016-exec-9] s.w.s.m.m.a.RequestMappingHandlerMapping : Mapped to com.example.janken.controller.StatusApiController#status(String, HttpServletRequest)
2026-10-08T12:55:04.290+09:00 DEBUG 15712 --- [free-form-janken] [io-18016-exec-9] m.m.a.RequestResponseBodyMethodProcessor : Using 'application/json', given [*/*] and supported [application/json, application/*+json]
2026-10-08T12:55:04.291+09:00 DEBUG 15712 --- [free-form-janken] [io-18016-exec-9] m.m.a.RequestResponseBodyMethodProcessor : Writing [StatusView[serverTime=2026-10-08T03:55:04.290631200Z, userState=PLAYING, currentRoomId=4d755f89-6c08 (truncated)...]
2026-10-08T12:55:04.293+09:00 DEBUG 15712 --- [free-form-janken] [io-18016-exec-9] o.s.web.servlet.DispatcherServlet        : Completed 200 OK
2026-10-08T12:55:04.296+09:00 DEBUG 15712 --- [free-form-janken] [io-18016-exec-7] o.s.web.servlet.DispatcherServlet        : GET "/api/status?matchId=b43913df-a6e1-493a-93fa-2e82e4015a7e", parameters={masked}
2026-10-08T12:55:04.297+09:00 DEBUG 15712 --- [free-form-janken] [io-18016-exec-7] s.w.s.m.m.a.RequestMappingHandlerMapping : Mapped to com.example.janken.controller.StatusApiController#status(String, HttpServletRequest)
2026-10-08T12:55:04.298+09:00 DEBUG 15712 --- [free-form-janken] [io-18016-exec-7] m.m.a.RequestResponseBodyMethodProcessor : Using 'application/json', given [*/*] and supported [application/json, application/*+json]
2026-10-08T12:55:04.299+09:00 DEBUG 15712 --- [free-form-janken] [io-18016-exec-7] m.m.a.RequestResponseBodyMethodProcessor : Writing [StatusView[serverTime=2026-10-08T03:55:04.298972100Z, userState=PLAYING, currentRoomId=4d755f89-6c08 (truncated)...]
2026-10-08T12:55:04.301+09:00 DEBUG 15712 --- [free-form-janken] [io-18016-exec-7] o.s.web.servlet.DispatcherServlet        : Completed 200 OK
2026-10-08T12:55:06.316+09:00 DEBUG 15712 --- [free-form-janken] [o-18016-exec-10] o.s.web.servlet.DispatcherServlet        : GET "/api/status", parameters={}
2026-10-08T12:55:06.317+09:00 DEBUG 15712 --- [free-form-janken] [o-18016-exec-10] s.w.s.m.m.a.RequestMappingHandlerMapping : Mapped to com.example.janken.controller.StatusApiController#status(String, HttpServletRequest)
2026-10-08T12:55:06.318+09:00 DEBUG 15712 --- [free-form-janken] [o-18016-exec-10] m.m.a.RequestResponseBodyMethodProcessor : Using 'application/json', given [*/*] and supported [application/json, application/*+json]
2026-10-08T12:55:06.319+09:00 DEBUG 15712 --- [free-form-janken] [o-18016-exec-10] m.m.a.RequestResponseBodyMethodProcessor : Writing [StatusView[serverTime=2026-10-08T03:55:06.318166900Z, userState=ROOM_WAITING, currentRoomId=b879d677 (truncated)...]
2026-10-08T12:55:06.320+09:00 DEBUG 15712 --- [free-form-janken] [o-18016-exec-10] o.s.web.servlet.DispatcherServlet        : Completed 200 OK
2026-10-08T12:55:06.326+09:00 DEBUG 15712 --- [free-form-janken] [io-18016-exec-1] o.s.web.servlet.DispatcherServlet        : GET "/api/status?matchId=b43913df-a6e1-493a-93fa-2e82e4015a7e", parameters={masked}
2026-10-08T12:55:06.329+09:00 DEBUG 15712 --- [free-form-janken] [io-18016-exec-1] s.w.s.m.m.a.RequestMappingHandlerMapping : Mapped to com.example.janken.controller.StatusApiController#status(String, HttpServletRequest)
2026-10-08T12:55:06.331+09:00 DEBUG 15712 --- [free-form-janken] [io-18016-exec-1] m.m.a.RequestResponseBodyMethodProcessor : Using 'application/json', given [*/*] and supported [application/json, application/*+json]
2026-10-08T12:55:06.334+09:00 DEBUG 15712 --- [free-form-janken] [io-18016-exec-1] m.m.a.RequestResponseBodyMethodProcessor : Writing [StatusView[serverTime=2026-10-08T03:55:06.331347200Z, userState=PLAYING, currentRoomId=4d755f89-6c08 (truncated)...]
2026-10-08T12:55:06.335+09:00 DEBUG 15712 --- [free-form-janken] [io-18016-exec-1] o.s.web.servlet.DispatcherServlet        : Completed 200 OK
2026-10-08T12:55:06.339+09:00 DEBUG 15712 --- [free-form-janken] [io-18016-exec-2] o.s.web.servlet.DispatcherServlet        : GET "/api/status?matchId=b43913df-a6e1-493a-93fa-2e82e4015a7e", parameters={masked}
2026-10-08T12:55:06.339+09:00 DEBUG 15712 --- [free-form-janken] [io-18016-exec-2] s.w.s.m.m.a.RequestMappingHandlerMapping : Mapped to com.example.janken.controller.StatusApiController#status(String, HttpServletRequest)
2026-10-08T12:55:06.340+09:00 DEBUG 15712 --- [free-form-janken] [io-18016-exec-2] m.m.a.RequestResponseBodyMethodProcessor : Using 'application/json', given [*/*] and supported [application/json, application/*+json]
2026-10-08T12:55:06.341+09:00 DEBUG 15712 --- [free-form-janken] [io-18016-exec-2] m.m.a.RequestResponseBodyMethodProcessor : Writing [StatusView[serverTime=2026-10-08T03:55:06.340361800Z, userState=PLAYING, currentRoomId=4d755f89-6c08 (truncated)...]
2026-10-08T12:55:06.342+09:00 DEBUG 15712 --- [free-form-janken] [io-18016-exec-2] o.s.web.servlet.DispatcherServlet        : Completed 200 OK
2026-10-08T12:55:08.358+09:00 DEBUG 15712 --- [free-form-janken] [io-18016-exec-3] o.s.web.servlet.DispatcherServlet        : GET "/api/status", parameters={}
2026-10-08T12:55:08.359+09:00 DEBUG 15712 --- [free-form-janken] [io-18016-exec-3] s.w.s.m.m.a.RequestMappingHandlerMapping : Mapped to com.example.janken.controller.StatusApiController#status(String, HttpServletRequest)
2026-10-08T12:55:08.360+09:00 DEBUG 15712 --- [free-form-janken] [io-18016-exec-3] m.m.a.RequestResponseBodyMethodProcessor : Using 'application/json', given [*/*] and supported [application/json, application/*+json]
2026-10-08T12:55:08.363+09:00 DEBUG 15712 --- [free-form-janken] [io-18016-exec-3] m.m.a.RequestResponseBodyMethodProcessor : Writing [StatusView[serverTime=2026-10-08T03:55:08.360470Z, userState=ROOM_WAITING, currentRoomId=b879d677-74 (truncated)...]
2026-10-08T12:55:08.364+09:00 DEBUG 15712 --- [free-form-janken] [io-18016-exec-3] o.s.web.servlet.DispatcherServlet        : Completed 200 OK
2026-10-08T12:55:08.367+09:00 DEBUG 15712 --- [free-form-janken] [io-18016-exec-5] o.s.web.servlet.DispatcherServlet        : GET "/api/status?matchId=b43913df-a6e1-493a-93fa-2e82e4015a7e", parameters={masked}
2026-10-08T12:55:08.368+09:00 DEBUG 15712 --- [free-form-janken] [io-18016-exec-5] s.w.s.m.m.a.RequestMappingHandlerMapping : Mapped to com.example.janken.controller.StatusApiController#status(String, HttpServletRequest)
2026-10-08T12:55:08.369+09:00 DEBUG 15712 --- [free-form-janken] [io-18016-exec-5] m.m.a.RequestResponseBodyMethodProcessor : Using 'application/json', given [*/*] and supported [application/json, application/*+json]
2026-10-08T12:55:08.369+09:00 DEBUG 15712 --- [free-form-janken] [io-18016-exec-5] m.m.a.RequestResponseBodyMethodProcessor : Writing [StatusView[serverTime=2026-10-08T03:55:08.368910700Z, userState=PLAYING, currentRoomId=4d755f89-6c08 (truncated)...]
2026-10-08T12:55:08.370+09:00 DEBUG 15712 --- [free-form-janken] [io-18016-exec-5] o.s.web.servlet.DispatcherServlet        : Completed 200 OK
2026-10-08T12:55:08.373+09:00 DEBUG 15712 --- [free-form-janken] [io-18016-exec-4] o.s.web.servlet.DispatcherServlet        : GET "/api/status?matchId=b43913df-a6e1-493a-93fa-2e82e4015a7e", parameters={masked}
2026-10-08T12:55:08.374+09:00 DEBUG 15712 --- [free-form-janken] [io-18016-exec-4] s.w.s.m.m.a.RequestMappingHandlerMapping : Mapped to com.example.janken.controller.StatusApiController#status(String, HttpServletRequest)
2026-10-08T12:55:08.375+09:00 DEBUG 15712 --- [free-form-janken] [io-18016-exec-4] m.m.a.RequestResponseBodyMethodProcessor : Using 'application/json', given [*/*] and supported [application/json, application/*+json]
2026-10-08T12:55:08.375+09:00 DEBUG 15712 --- [free-form-janken] [io-18016-exec-4] m.m.a.RequestResponseBodyMethodProcessor : Writing [StatusView[serverTime=2026-10-08T03:55:08.375941Z, userState=PLAYING, currentRoomId=4d755f89-6c08-4d (truncated)...]
2026-10-08T12:55:08.376+09:00 DEBUG 15712 --- [free-form-janken] [io-18016-exec-4] o.s.web.servlet.DispatcherServlet        : Completed 200 OK
2026-10-08T12:55:10.391+09:00 DEBUG 15712 --- [free-form-janken] [io-18016-exec-6] o.s.web.servlet.DispatcherServlet        : GET "/api/status", parameters={}
2026-10-08T12:55:10.393+09:00 DEBUG 15712 --- [free-form-janken] [io-18016-exec-6] s.w.s.m.m.a.RequestMappingHandlerMapping : Mapped to com.example.janken.controller.StatusApiController#status(String, HttpServletRequest)
2026-10-08T12:55:10.394+09:00 DEBUG 15712 --- [free-form-janken] [io-18016-exec-6] m.m.a.RequestResponseBodyMethodProcessor : Using 'application/json', given [*/*] and supported [application/json, application/*+json]
2026-10-08T12:55:10.395+09:00 DEBUG 15712 --- [free-form-janken] [io-18016-exec-6] m.m.a.RequestResponseBodyMethodProcessor : Writing [StatusView[serverTime=2026-10-08T03:55:10.394158400Z, userState=ROOM_WAITING, currentRoomId=b879d677 (truncated)...]
2026-10-08T12:55:10.396+09:00 DEBUG 15712 --- [free-form-janken] [io-18016-exec-6] o.s.web.servlet.DispatcherServlet        : Completed 200 OK
2026-10-08T12:55:10.402+09:00 DEBUG 15712 --- [free-form-janken] [io-18016-exec-8] o.s.web.servlet.DispatcherServlet        : GET "/api/status?matchId=b43913df-a6e1-493a-93fa-2e82e4015a7e", parameters={masked}
2026-10-08T12:55:10.403+09:00 DEBUG 15712 --- [free-form-janken] [io-18016-exec-8] s.w.s.m.m.a.RequestMappingHandlerMapping : Mapped to com.example.janken.controller.StatusApiController#status(String, HttpServletRequest)
2026-10-08T12:55:10.404+09:00 DEBUG 15712 --- [free-form-janken] [io-18016-exec-8] m.m.a.RequestResponseBodyMethodProcessor : Using 'application/json', given [*/*] and supported [application/json, application/*+json]
2026-10-08T12:55:10.405+09:00 DEBUG 15712 --- [free-form-janken] [io-18016-exec-8] m.m.a.RequestResponseBodyMethodProcessor : Writing [StatusView[serverTime=2026-10-08T03:55:10.404411900Z, userState=PLAYING, currentRoomId=4d755f89-6c08 (truncated)...]
2026-10-08T12:55:10.406+09:00 DEBUG 15712 --- [free-form-janken] [io-18016-exec-8] o.s.web.servlet.DispatcherServlet        : Completed 200 OK
2026-10-08T12:55:10.410+09:00 DEBUG 15712 --- [free-form-janken] [io-18016-exec-9] o.s.web.servlet.DispatcherServlet        : GET "/api/status?matchId=b43913df-a6e1-493a-93fa-2e82e4015a7e", parameters={masked}
2026-10-08T12:55:10.411+09:00 DEBUG 15712 --- [free-form-janken] [io-18016-exec-9] s.w.s.m.m.a.RequestMappingHandlerMapping : Mapped to com.example.janken.controller.StatusApiController#status(String, HttpServletRequest)
2026-10-08T12:55:10.413+09:00 DEBUG 15712 --- [free-form-janken] [io-18016-exec-9] m.m.a.RequestResponseBodyMethodProcessor : Using 'application/json', given [*/*] and supported [application/json, application/*+json]
2026-10-08T12:55:10.414+09:00 DEBUG 15712 --- [free-form-janken] [io-18016-exec-9] m.m.a.RequestResponseBodyMethodProcessor : Writing [StatusView[serverTime=2026-10-08T03:55:10.412083200Z, userState=PLAYING, currentRoomId=4d755f89-6c08 (truncated)...]
2026-10-08T12:55:10.415+09:00 DEBUG 15712 --- [free-form-janken] [io-18016-exec-9] o.s.web.servlet.DispatcherServlet        : Completed 200 OK
2026-10-08T12:55:12.424+09:00 DEBUG 15712 --- [free-form-janken] [io-18016-exec-7] o.s.web.servlet.DispatcherServlet        : GET "/api/status", parameters={}
2026-10-08T12:55:12.425+09:00 DEBUG 15712 --- [free-form-janken] [io-18016-exec-7] s.w.s.m.m.a.RequestMappingHandlerMapping : Mapped to com.example.janken.controller.StatusApiController#status(String, HttpServletRequest)
2026-10-08T12:55:12.426+09:00 DEBUG 15712 --- [free-form-janken] [io-18016-exec-7] m.m.a.RequestResponseBodyMethodProcessor : Using 'application/json', given [*/*] and supported [application/json, application/*+json]
2026-10-08T12:55:12.427+09:00 DEBUG 15712 --- [free-form-janken] [io-18016-exec-7] m.m.a.RequestResponseBodyMethodProcessor : Writing [StatusView[serverTime=2026-10-08T03:55:12.426381400Z, userState=ROOM_WAITING, currentRoomId=b879d677 (truncated)...]
2026-10-08T12:55:12.427+09:00 DEBUG 15712 --- [free-form-janken] [io-18016-exec-7] o.s.web.servlet.DispatcherServlet        : Completed 200 OK
2026-10-08T12:55:12.430+09:00 DEBUG 15712 --- [free-form-janken] [o-18016-exec-10] o.s.web.servlet.DispatcherServlet        : GET "/api/status?matchId=b43913df-a6e1-493a-93fa-2e82e4015a7e", parameters={masked}
2026-10-08T12:55:12.433+09:00 DEBUG 15712 --- [free-form-janken] [o-18016-exec-10] s.w.s.m.m.a.RequestMappingHandlerMapping : Mapped to com.example.janken.controller.StatusApiController#status(String, HttpServletRequest)
2026-10-08T12:55:12.434+09:00 DEBUG 15712 --- [free-form-janken] [o-18016-exec-10] m.m.a.RequestResponseBodyMethodProcessor : Using 'application/json', given [*/*] and supported [application/json, application/*+json]
2026-10-08T12:55:12.434+09:00 DEBUG 15712 --- [free-form-janken] [o-18016-exec-10] m.m.a.RequestResponseBodyMethodProcessor : Writing [StatusView[serverTime=2026-10-08T03:55:12.434613Z, userState=PLAYING, currentRoomId=4d755f89-6c08-4d (truncated)...]
2026-10-08T12:55:12.435+09:00 DEBUG 15712 --- [free-form-janken] [o-18016-exec-10] o.s.web.servlet.DispatcherServlet        : Completed 200 OK
2026-10-08T12:55:12.439+09:00 DEBUG 15712 --- [free-form-janken] [io-18016-exec-1] o.s.web.servlet.DispatcherServlet        : GET "/api/status?matchId=b43913df-a6e1-493a-93fa-2e82e4015a7e", parameters={masked}
2026-10-08T12:55:12.440+09:00 DEBUG 15712 --- [free-form-janken] [io-18016-exec-1] s.w.s.m.m.a.RequestMappingHandlerMapping : Mapped to com.example.janken.controller.StatusApiController#status(String, HttpServletRequest)
2026-10-08T12:55:12.441+09:00 DEBUG 15712 --- [free-form-janken] [io-18016-exec-1] m.m.a.RequestResponseBodyMethodProcessor : Using 'application/json', given [*/*] and supported [application/json, application/*+json]
2026-10-08T12:55:12.442+09:00 DEBUG 15712 --- [free-form-janken] [io-18016-exec-1] m.m.a.RequestResponseBodyMethodProcessor : Writing [StatusView[serverTime=2026-10-08T03:55:12.441042300Z, userState=PLAYING, currentRoomId=4d755f89-6c08 (truncated)...]
2026-10-08T12:55:12.442+09:00 DEBUG 15712 --- [free-form-janken] [io-18016-exec-1] o.s.web.servlet.DispatcherServlet        : Completed 200 OK
2026-10-08T12:55:14.455+09:00 DEBUG 15712 --- [free-form-janken] [io-18016-exec-2] o.s.web.servlet.DispatcherServlet        : GET "/api/status", parameters={}
2026-10-08T12:55:14.456+09:00 DEBUG 15712 --- [free-form-janken] [io-18016-exec-2] s.w.s.m.m.a.RequestMappingHandlerMapping : Mapped to com.example.janken.controller.StatusApiController#status(String, HttpServletRequest)
2026-10-08T12:55:14.457+09:00 DEBUG 15712 --- [free-form-janken] [io-18016-exec-2] m.m.a.RequestResponseBodyMethodProcessor : Using 'application/json', given [*/*] and supported [application/json, application/*+json]
2026-10-08T12:55:14.457+09:00 DEBUG 15712 --- [free-form-janken] [io-18016-exec-2] m.m.a.RequestResponseBodyMethodProcessor : Writing [StatusView[serverTime=2026-10-08T03:55:14.457528Z, userState=ROOM_WAITING, currentRoomId=b879d677-74 (truncated)...]
2026-10-08T12:55:14.458+09:00 DEBUG 15712 --- [free-form-janken] [io-18016-exec-2] o.s.web.servlet.DispatcherServlet        : Completed 200 OK
2026-10-08T12:55:14.461+09:00 DEBUG 15712 --- [free-form-janken] [io-18016-exec-3] o.s.web.servlet.DispatcherServlet        : GET "/api/status?matchId=b43913df-a6e1-493a-93fa-2e82e4015a7e", parameters={masked}
2026-10-08T12:55:14.461+09:00 DEBUG 15712 --- [free-form-janken] [io-18016-exec-3] s.w.s.m.m.a.RequestMappingHandlerMapping : Mapped to com.example.janken.controller.StatusApiController#status(String, HttpServletRequest)
2026-10-08T12:55:14.463+09:00 DEBUG 15712 --- [free-form-janken] [io-18016-exec-3] m.m.a.RequestResponseBodyMethodProcessor : Using 'application/json', given [*/*] and supported [application/json, application/*+json]
2026-10-08T12:55:14.464+09:00 DEBUG 15712 --- [free-form-janken] [io-18016-exec-3] m.m.a.RequestResponseBodyMethodProcessor : Writing [StatusView[serverTime=2026-10-08T03:55:14.462535600Z, userState=ROOM_WAITING, currentRoomId=4d755f89 (truncated)...]
2026-10-08T12:55:14.465+09:00 DEBUG 15712 --- [free-form-janken] [io-18016-exec-3] o.s.web.servlet.DispatcherServlet        : Completed 200 OK
2026-10-08T12:55:14.470+09:00 DEBUG 15712 --- [free-form-janken] [io-18016-exec-5] o.s.web.servlet.DispatcherServlet        : GET "/api/status?matchId=b43913df-a6e1-493a-93fa-2e82e4015a7e", parameters={masked}
2026-10-08T12:55:14.473+09:00 DEBUG 15712 --- [free-form-janken] [io-18016-exec-5] s.w.s.m.m.a.RequestMappingHandlerMapping : Mapped to com.example.janken.controller.StatusApiController#status(String, HttpServletRequest)
2026-10-08T12:55:14.475+09:00 DEBUG 15712 --- [free-form-janken] [io-18016-exec-5] m.m.a.RequestResponseBodyMethodProcessor : Using 'application/json', given [*/*] and supported [application/json, application/*+json]
2026-10-08T12:55:14.476+09:00 DEBUG 15712 --- [free-form-janken] [io-18016-exec-5] m.m.a.RequestResponseBodyMethodProcessor : Writing [StatusView[serverTime=2026-10-08T03:55:14.474046300Z, userState=ROOM_WAITING, currentRoomId=4d755f89 (truncated)...]
2026-10-08T12:55:14.477+09:00 DEBUG 15712 --- [free-form-janken] [io-18016-exec-5] o.s.web.servlet.DispatcherServlet        : Completed 200 OK
2026-10-08T12:55:16.488+09:00 DEBUG 15712 --- [free-form-janken] [io-18016-exec-4] o.s.web.servlet.DispatcherServlet        : GET "/api/status", parameters={}
2026-10-08T12:55:16.489+09:00 DEBUG 15712 --- [free-form-janken] [io-18016-exec-4] s.w.s.m.m.a.RequestMappingHandlerMapping : Mapped to com.example.janken.controller.StatusApiController#status(String, HttpServletRequest)
2026-10-08T12:55:16.490+09:00 DEBUG 15712 --- [free-form-janken] [io-18016-exec-4] m.m.a.RequestResponseBodyMethodProcessor : Using 'application/json', given [*/*] and supported [application/json, application/*+json]
2026-10-08T12:55:16.491+09:00 DEBUG 15712 --- [free-form-janken] [io-18016-exec-4] m.m.a.RequestResponseBodyMethodProcessor : Writing [StatusView[serverTime=2026-10-08T03:55:16.490604Z, userState=ROOM_WAITING, currentRoomId=b879d677-74 (truncated)...]
2026-10-08T12:55:16.493+09:00 DEBUG 15712 --- [free-form-janken] [io-18016-exec-4] o.s.web.servlet.DispatcherServlet        : Completed 200 OK
2026-10-08T12:55:16.498+09:00 DEBUG 15712 --- [free-form-janken] [io-18016-exec-6] o.s.web.servlet.DispatcherServlet        : GET "/api/status?matchId=b43913df-a6e1-493a-93fa-2e82e4015a7e", parameters={masked}
2026-10-08T12:55:16.499+09:00 DEBUG 15712 --- [free-form-janken] [io-18016-exec-6] s.w.s.m.m.a.RequestMappingHandlerMapping : Mapped to com.example.janken.controller.StatusApiController#status(String, HttpServletRequest)
2026-10-08T12:55:16.500+09:00 DEBUG 15712 --- [free-form-janken] [io-18016-exec-6] m.m.a.RequestResponseBodyMethodProcessor : Using 'application/json', given [*/*] and supported [application/json, application/*+json]
2026-10-08T12:55:16.500+09:00 DEBUG 15712 --- [free-form-janken] [io-18016-exec-6] m.m.a.RequestResponseBodyMethodProcessor : Writing [StatusView[serverTime=2026-10-08T03:55:16.499602300Z, userState=ROOM_WAITING, currentRoomId=4d755f89 (truncated)...]
2026-10-08T12:55:16.501+09:00 DEBUG 15712 --- [free-form-janken] [io-18016-exec-6] o.s.web.servlet.DispatcherServlet        : Completed 200 OK
2026-10-08T12:55:16.503+09:00 DEBUG 15712 --- [free-form-janken] [io-18016-exec-8] o.s.web.servlet.DispatcherServlet        : GET "/api/status?matchId=b43913df-a6e1-493a-93fa-2e82e4015a7e", parameters={masked}
2026-10-08T12:55:16.503+09:00 DEBUG 15712 --- [free-form-janken] [io-18016-exec-8] s.w.s.m.m.a.RequestMappingHandlerMapping : Mapped to com.example.janken.controller.StatusApiController#status(String, HttpServletRequest)
2026-10-08T12:55:16.504+09:00 DEBUG 15712 --- [free-form-janken] [io-18016-exec-8] m.m.a.RequestResponseBodyMethodProcessor : Using 'application/json', given [*/*] and supported [application/json, application/*+json]
2026-10-08T12:55:16.505+09:00 DEBUG 15712 --- [free-form-janken] [io-18016-exec-8] m.m.a.RequestResponseBodyMethodProcessor : Writing [StatusView[serverTime=2026-10-08T03:55:16.504704Z, userState=ROOM_WAITING, currentRoomId=4d755f89-6c (truncated)...]
2026-10-08T12:55:16.505+09:00 DEBUG 15712 --- [free-form-janken] [io-18016-exec-8] o.s.web.servlet.DispatcherServlet        : Completed 200 OK
2026-10-08T12:55:18.513+09:00 DEBUG 15712 --- [free-form-janken] [io-18016-exec-9] o.s.web.servlet.DispatcherServlet        : GET "/api/status", parameters={}
2026-10-08T12:55:18.514+09:00 DEBUG 15712 --- [free-form-janken] [io-18016-exec-9] s.w.s.m.m.a.RequestMappingHandlerMapping : Mapped to com.example.janken.controller.StatusApiController#status(String, HttpServletRequest)
2026-10-08T12:55:18.515+09:00 DEBUG 15712 --- [free-form-janken] [io-18016-exec-9] m.m.a.RequestResponseBodyMethodProcessor : Using 'application/json', given [*/*] and supported [application/json, application/*+json]
2026-10-08T12:55:18.516+09:00 DEBUG 15712 --- [free-form-janken] [io-18016-exec-9] m.m.a.RequestResponseBodyMethodProcessor : Writing [StatusView[serverTime=2026-10-08T03:55:18.515750300Z, userState=ROOM_WAITING, currentRoomId=b879d677 (truncated)...]
2026-10-08T12:55:18.516+09:00 DEBUG 15712 --- [free-form-janken] [io-18016-exec-9] o.s.web.servlet.DispatcherServlet        : Completed 200 OK
2026-10-08T12:55:18.519+09:00 DEBUG 15712 --- [free-form-janken] [io-18016-exec-7] o.s.web.servlet.DispatcherServlet        : GET "/api/status?matchId=b43913df-a6e1-493a-93fa-2e82e4015a7e", parameters={masked}
2026-10-08T12:55:18.519+09:00 DEBUG 15712 --- [free-form-janken] [io-18016-exec-7] s.w.s.m.m.a.RequestMappingHandlerMapping : Mapped to com.example.janken.controller.StatusApiController#status(String, HttpServletRequest)
2026-10-08T12:55:18.523+09:00 DEBUG 15712 --- [free-form-janken] [io-18016-exec-7] m.m.a.RequestResponseBodyMethodProcessor : Using 'application/json', given [*/*] and supported [application/json, application/*+json]
2026-10-08T12:55:18.524+09:00 DEBUG 15712 --- [free-form-janken] [io-18016-exec-7] m.m.a.RequestResponseBodyMethodProcessor : Writing [StatusView[serverTime=2026-10-08T03:55:18.522755200Z, userState=ROOM_WAITING, currentRoomId=4d755f89 (truncated)...]
2026-10-08T12:55:18.525+09:00 DEBUG 15712 --- [free-form-janken] [io-18016-exec-7] o.s.web.servlet.DispatcherServlet        : Completed 200 OK
2026-10-08T12:55:18.527+09:00 DEBUG 15712 --- [free-form-janken] [o-18016-exec-10] o.s.web.servlet.DispatcherServlet        : GET "/api/status?matchId=b43913df-a6e1-493a-93fa-2e82e4015a7e", parameters={masked}
2026-10-08T12:55:18.528+09:00 DEBUG 15712 --- [free-form-janken] [o-18016-exec-10] s.w.s.m.m.a.RequestMappingHandlerMapping : Mapped to com.example.janken.controller.StatusApiController#status(String, HttpServletRequest)
2026-10-08T12:55:18.529+09:00 DEBUG 15712 --- [free-form-janken] [o-18016-exec-10] m.m.a.RequestResponseBodyMethodProcessor : Using 'application/json', given [*/*] and supported [application/json, application/*+json]
2026-10-08T12:55:18.530+09:00 DEBUG 15712 --- [free-form-janken] [o-18016-exec-10] m.m.a.RequestResponseBodyMethodProcessor : Writing [StatusView[serverTime=2026-10-08T03:55:18.529752300Z, userState=ROOM_WAITING, currentRoomId=4d755f89 (truncated)...]
2026-10-08T12:55:18.531+09:00 DEBUG 15712 --- [free-form-janken] [o-18016-exec-10] o.s.web.servlet.DispatcherServlet        : Completed 200 OK
2026-10-08T12:55:20.544+09:00 DEBUG 15712 --- [free-form-janken] [io-18016-exec-1] o.s.web.servlet.DispatcherServlet        : GET "/api/status", parameters={}
2026-10-08T12:55:20.545+09:00 DEBUG 15712 --- [free-form-janken] [io-18016-exec-1] s.w.s.m.m.a.RequestMappingHandlerMapping : Mapped to com.example.janken.controller.StatusApiController#status(String, HttpServletRequest)
2026-10-08T12:55:20.546+09:00 DEBUG 15712 --- [free-form-janken] [io-18016-exec-1] m.m.a.RequestResponseBodyMethodProcessor : Using 'application/json', given [*/*] and supported [application/json, application/*+json]
2026-10-08T12:55:20.547+09:00 DEBUG 15712 --- [free-form-janken] [io-18016-exec-1] m.m.a.RequestResponseBodyMethodProcessor : Writing [StatusView[serverTime=2026-10-08T03:55:20.546222800Z, userState=ROOM_WAITING, currentRoomId=b879d677 (truncated)...]
2026-10-08T12:55:20.548+09:00 DEBUG 15712 --- [free-form-janken] [io-18016-exec-1] o.s.web.servlet.DispatcherServlet        : Completed 200 OK
2026-10-08T12:55:20.551+09:00 DEBUG 15712 --- [free-form-janken] [io-18016-exec-2] o.s.web.servlet.DispatcherServlet        : GET "/api/status?matchId=b43913df-a6e1-493a-93fa-2e82e4015a7e", parameters={masked}
2026-10-08T12:55:20.551+09:00 DEBUG 15712 --- [free-form-janken] [io-18016-exec-2] s.w.s.m.m.a.RequestMappingHandlerMapping : Mapped to com.example.janken.controller.StatusApiController#status(String, HttpServletRequest)
2026-10-08T12:55:20.552+09:00 DEBUG 15712 --- [free-form-janken] [io-18016-exec-2] m.m.a.RequestResponseBodyMethodProcessor : Using 'application/json', given [*/*] and supported [application/json, application/*+json]
2026-10-08T12:55:20.553+09:00 DEBUG 15712 --- [free-form-janken] [io-18016-exec-2] m.m.a.RequestResponseBodyMethodProcessor : Writing [StatusView[serverTime=2026-10-08T03:55:20.552217100Z, userState=ROOM_WAITING, currentRoomId=4d755f89 (truncated)...]
2026-10-08T12:55:20.554+09:00 DEBUG 15712 --- [free-form-janken] [io-18016-exec-2] o.s.web.servlet.DispatcherServlet        : Completed 200 OK
2026-10-08T12:55:20.556+09:00 DEBUG 15712 --- [free-form-janken] [io-18016-exec-3] o.s.web.servlet.DispatcherServlet        : GET "/api/status?matchId=b43913df-a6e1-493a-93fa-2e82e4015a7e", parameters={masked}
2026-10-08T12:55:20.557+09:00 DEBUG 15712 --- [free-form-janken] [io-18016-exec-3] s.w.s.m.m.a.RequestMappingHandlerMapping : Mapped to com.example.janken.controller.StatusApiController#status(String, HttpServletRequest)
2026-10-08T12:55:20.558+09:00 DEBUG 15712 --- [free-form-janken] [io-18016-exec-3] m.m.a.RequestResponseBodyMethodProcessor : Using 'application/json', given [*/*] and supported [application/json, application/*+json]
2026-10-08T12:55:20.558+09:00 DEBUG 15712 --- [free-form-janken] [io-18016-exec-3] m.m.a.RequestResponseBodyMethodProcessor : Writing [StatusView[serverTime=2026-10-08T03:55:20.558213200Z, userState=ROOM_WAITING, currentRoomId=4d755f89 (truncated)...]
2026-10-08T12:55:20.559+09:00 DEBUG 15712 --- [free-form-janken] [io-18016-exec-3] o.s.web.servlet.DispatcherServlet        : Completed 200 OK
2026-10-08T12:55:22.567+09:00 DEBUG 15712 --- [free-form-janken] [io-18016-exec-5] o.s.web.servlet.DispatcherServlet        : GET "/api/status", parameters={}
2026-10-08T12:55:22.568+09:00 DEBUG 15712 --- [free-form-janken] [io-18016-exec-5] s.w.s.m.m.a.RequestMappingHandlerMapping : Mapped to com.example.janken.controller.StatusApiController#status(String, HttpServletRequest)
2026-10-08T12:55:22.569+09:00 DEBUG 15712 --- [free-form-janken] [io-18016-exec-5] m.m.a.RequestResponseBodyMethodProcessor : Using 'application/json', given [*/*] and supported [application/json, application/*+json]
2026-10-08T12:55:22.570+09:00 DEBUG 15712 --- [free-form-janken] [io-18016-exec-5] m.m.a.RequestResponseBodyMethodProcessor : Writing [StatusView[serverTime=2026-10-08T03:55:22.569040100Z, userState=ROOM_WAITING, currentRoomId=b879d677 (truncated)...]
2026-10-08T12:55:22.571+09:00 DEBUG 15712 --- [free-form-janken] [io-18016-exec-5] o.s.web.servlet.DispatcherServlet        : Completed 200 OK
2026-10-08T12:55:22.575+09:00 DEBUG 15712 --- [free-form-janken] [io-18016-exec-4] o.s.web.servlet.DispatcherServlet        : GET "/api/status?matchId=b43913df-a6e1-493a-93fa-2e82e4015a7e", parameters={masked}
2026-10-08T12:55:22.575+09:00 DEBUG 15712 --- [free-form-janken] [io-18016-exec-4] s.w.s.m.m.a.RequestMappingHandlerMapping : Mapped to com.example.janken.controller.StatusApiController#status(String, HttpServletRequest)
2026-10-08T12:55:22.577+09:00 DEBUG 15712 --- [free-form-janken] [io-18016-exec-4] m.m.a.RequestResponseBodyMethodProcessor : Using 'application/json', given [*/*] and supported [application/json, application/*+json]
2026-10-08T12:55:22.578+09:00 DEBUG 15712 --- [free-form-janken] [io-18016-exec-4] m.m.a.RequestResponseBodyMethodProcessor : Writing [StatusView[serverTime=2026-10-08T03:55:22.576130Z, userState=ROOM_WAITING, currentRoomId=4d755f89-6c (truncated)...]
2026-10-08T12:55:22.578+09:00 DEBUG 15712 --- [free-form-janken] [io-18016-exec-4] o.s.web.servlet.DispatcherServlet        : Completed 200 OK
2026-10-08T12:55:22.581+09:00 DEBUG 15712 --- [free-form-janken] [io-18016-exec-6] o.s.web.servlet.DispatcherServlet        : GET "/api/status?matchId=b43913df-a6e1-493a-93fa-2e82e4015a7e", parameters={masked}
2026-10-08T12:55:22.582+09:00 DEBUG 15712 --- [free-form-janken] [io-18016-exec-6] s.w.s.m.m.a.RequestMappingHandlerMapping : Mapped to com.example.janken.controller.StatusApiController#status(String, HttpServletRequest)
2026-10-08T12:55:22.583+09:00 DEBUG 15712 --- [free-form-janken] [io-18016-exec-6] m.m.a.RequestResponseBodyMethodProcessor : Using 'application/json', given [*/*] and supported [application/json, application/*+json]
2026-10-08T12:55:22.584+09:00 DEBUG 15712 --- [free-form-janken] [io-18016-exec-6] m.m.a.RequestResponseBodyMethodProcessor : Writing [StatusView[serverTime=2026-10-08T03:55:22.583269700Z, userState=ROOM_WAITING, currentRoomId=4d755f89 (truncated)...]
2026-10-08T12:55:22.584+09:00 DEBUG 15712 --- [free-form-janken] [io-18016-exec-6] o.s.web.servlet.DispatcherServlet        : Completed 200 OK
2026-10-08T12:55:24.600+09:00 DEBUG 15712 --- [free-form-janken] [io-18016-exec-8] o.s.web.servlet.DispatcherServlet        : GET "/api/status", parameters={}
2026-10-08T12:55:24.601+09:00 DEBUG 15712 --- [free-form-janken] [io-18016-exec-8] s.w.s.m.m.a.RequestMappingHandlerMapping : Mapped to com.example.janken.controller.StatusApiController#status(String, HttpServletRequest)
2026-10-08T12:55:24.603+09:00 DEBUG 15712 --- [free-form-janken] [io-18016-exec-8] m.m.a.RequestResponseBodyMethodProcessor : Using 'application/json', given [*/*] and supported [application/json, application/*+json]
2026-10-08T12:55:24.603+09:00 DEBUG 15712 --- [free-form-janken] [io-18016-exec-8] m.m.a.RequestResponseBodyMethodProcessor : Writing [StatusView[serverTime=2026-10-08T03:55:24.603010700Z, userState=ROOM_WAITING, currentRoomId=b879d677 (truncated)...]
2026-10-08T12:55:24.605+09:00 DEBUG 15712 --- [free-form-janken] [io-18016-exec-8] o.s.web.servlet.DispatcherServlet        : Completed 200 OK
2026-10-08T12:55:24.606+09:00 DEBUG 15712 --- [free-form-janken] [io-18016-exec-9] o.s.web.servlet.DispatcherServlet        : GET "/api/status?matchId=b43913df-a6e1-493a-93fa-2e82e4015a7e", parameters={masked}
2026-10-08T12:55:24.607+09:00 DEBUG 15712 --- [free-form-janken] [io-18016-exec-9] s.w.s.m.m.a.RequestMappingHandlerMapping : Mapped to com.example.janken.controller.StatusApiController#status(String, HttpServletRequest)
2026-10-08T12:55:24.608+09:00 DEBUG 15712 --- [free-form-janken] [io-18016-exec-9] m.m.a.RequestResponseBodyMethodProcessor : Using 'application/json', given [*/*] and supported [application/json, application/*+json]
2026-10-08T12:55:24.608+09:00 DEBUG 15712 --- [free-form-janken] [io-18016-exec-9] m.m.a.RequestResponseBodyMethodProcessor : Writing [StatusView[serverTime=2026-10-08T03:55:24.607965800Z, userState=ROOM_WAITING, currentRoomId=4d755f89 (truncated)...]
2026-10-08T12:55:24.609+09:00 DEBUG 15712 --- [free-form-janken] [io-18016-exec-9] o.s.web.servlet.DispatcherServlet        : Completed 200 OK
2026-10-08T12:55:24.612+09:00 DEBUG 15712 --- [free-form-janken] [io-18016-exec-7] o.s.web.servlet.DispatcherServlet        : GET "/api/status?matchId=b43913df-a6e1-493a-93fa-2e82e4015a7e", parameters={masked}
2026-10-08T12:55:24.612+09:00 DEBUG 15712 --- [free-form-janken] [io-18016-exec-7] s.w.s.m.m.a.RequestMappingHandlerMapping : Mapped to com.example.janken.controller.StatusApiController#status(String, HttpServletRequest)
2026-10-08T12:55:24.613+09:00 DEBUG 15712 --- [free-form-janken] [io-18016-exec-7] m.m.a.RequestResponseBodyMethodProcessor : Using 'application/json', given [*/*] and supported [application/json, application/*+json]
2026-10-08T12:55:24.614+09:00 DEBUG 15712 --- [free-form-janken] [io-18016-exec-7] m.m.a.RequestResponseBodyMethodProcessor : Writing [StatusView[serverTime=2026-10-08T03:55:24.613979600Z, userState=ROOM_WAITING, currentRoomId=4d755f89 (truncated)...]
2026-10-08T12:55:24.614+09:00 DEBUG 15712 --- [free-form-janken] [io-18016-exec-7] o.s.web.servlet.DispatcherServlet        : Completed 200 OK
2026-10-08T12:55:26.621+09:00 DEBUG 15712 --- [free-form-janken] [o-18016-exec-10] o.s.web.servlet.DispatcherServlet        : GET "/api/status", parameters={}
2026-10-08T12:55:26.622+09:00 DEBUG 15712 --- [free-form-janken] [o-18016-exec-10] s.w.s.m.m.a.RequestMappingHandlerMapping : Mapped to com.example.janken.controller.StatusApiController#status(String, HttpServletRequest)
2026-10-08T12:55:26.626+09:00 DEBUG 15712 --- [free-form-janken] [o-18016-exec-10] m.m.a.RequestResponseBodyMethodProcessor : Using 'application/json', given [*/*] and supported [application/json, application/*+json]
2026-10-08T12:55:26.627+09:00 DEBUG 15712 --- [free-form-janken] [o-18016-exec-10] m.m.a.RequestResponseBodyMethodProcessor : Writing [StatusView[serverTime=2026-10-08T03:55:26.625316500Z, userState=ROOM_WAITING, currentRoomId=b879d677 (truncated)...]
2026-10-08T12:55:26.628+09:00 DEBUG 15712 --- [free-form-janken] [o-18016-exec-10] o.s.web.servlet.DispatcherServlet        : Completed 200 OK
2026-10-08T12:55:26.630+09:00 DEBUG 15712 --- [free-form-janken] [io-18016-exec-1] o.s.web.servlet.DispatcherServlet        : GET "/api/status?matchId=b43913df-a6e1-493a-93fa-2e82e4015a7e", parameters={masked}
2026-10-08T12:55:26.631+09:00 DEBUG 15712 --- [free-form-janken] [io-18016-exec-1] s.w.s.m.m.a.RequestMappingHandlerMapping : Mapped to com.example.janken.controller.StatusApiController#status(String, HttpServletRequest)
2026-10-08T12:55:26.632+09:00 DEBUG 15712 --- [free-form-janken] [io-18016-exec-1] m.m.a.RequestResponseBodyMethodProcessor : Using 'application/json', given [*/*] and supported [application/json, application/*+json]
2026-10-08T12:55:26.632+09:00 DEBUG 15712 --- [free-form-janken] [io-18016-exec-1] m.m.a.RequestResponseBodyMethodProcessor : Writing [StatusView[serverTime=2026-10-08T03:55:26.632404500Z, userState=ROOM_WAITING, currentRoomId=4d755f89 (truncated)...]
2026-10-08T12:55:26.633+09:00 DEBUG 15712 --- [free-form-janken] [io-18016-exec-1] o.s.web.servlet.DispatcherServlet        : Completed 200 OK
2026-10-08T12:55:26.636+09:00 DEBUG 15712 --- [free-form-janken] [io-18016-exec-2] o.s.web.servlet.DispatcherServlet        : GET "/api/status?matchId=b43913df-a6e1-493a-93fa-2e82e4015a7e", parameters={masked}
2026-10-08T12:55:26.637+09:00 DEBUG 15712 --- [free-form-janken] [io-18016-exec-2] s.w.s.m.m.a.RequestMappingHandlerMapping : Mapped to com.example.janken.controller.StatusApiController#status(String, HttpServletRequest)
2026-10-08T12:55:26.638+09:00 DEBUG 15712 --- [free-form-janken] [io-18016-exec-2] m.m.a.RequestResponseBodyMethodProcessor : Using 'application/json', given [*/*] and supported [application/json, application/*+json]
2026-10-08T12:55:26.638+09:00 DEBUG 15712 --- [free-form-janken] [io-18016-exec-2] m.m.a.RequestResponseBodyMethodProcessor : Writing [StatusView[serverTime=2026-10-08T03:55:26.637307Z, userState=ROOM_WAITING, currentRoomId=4d755f89-6c (truncated)...]
2026-10-08T12:55:26.639+09:00 DEBUG 15712 --- [free-form-janken] [io-18016-exec-2] o.s.web.servlet.DispatcherServlet        : Completed 200 OK
2026-10-08T12:55:28.644+09:00 DEBUG 15712 --- [free-form-janken] [io-18016-exec-3] o.s.web.servlet.DispatcherServlet        : GET "/api/status", parameters={}
2026-10-08T12:55:28.646+09:00 DEBUG 15712 --- [free-form-janken] [io-18016-exec-3] s.w.s.m.m.a.RequestMappingHandlerMapping : Mapped to com.example.janken.controller.StatusApiController#status(String, HttpServletRequest)
2026-10-08T12:55:28.648+09:00 DEBUG 15712 --- [free-form-janken] [io-18016-exec-3] m.m.a.RequestResponseBodyMethodProcessor : Using 'application/json', given [*/*] and supported [application/json, application/*+json]
2026-10-08T12:55:28.650+09:00 DEBUG 15712 --- [free-form-janken] [io-18016-exec-3] m.m.a.RequestResponseBodyMethodProcessor : Writing [StatusView[serverTime=2026-10-08T03:55:28.648042200Z, userState=ROOM_WAITING, currentRoomId=b879d677 (truncated)...]
2026-10-08T12:55:28.652+09:00 DEBUG 15712 --- [free-form-janken] [io-18016-exec-3] o.s.web.servlet.DispatcherServlet        : Completed 200 OK
2026-10-08T12:55:28.665+09:00 DEBUG 15712 --- [free-form-janken] [io-18016-exec-5] o.s.web.servlet.DispatcherServlet        : GET "/api/status?matchId=b43913df-a6e1-493a-93fa-2e82e4015a7e", parameters={masked}
2026-10-08T12:55:28.669+09:00 DEBUG 15712 --- [free-form-janken] [io-18016-exec-5] s.w.s.m.m.a.RequestMappingHandlerMapping : Mapped to com.example.janken.controller.StatusApiController#status(String, HttpServletRequest)
2026-10-08T12:55:28.672+09:00 DEBUG 15712 --- [free-form-janken] [io-18016-exec-5] m.m.a.RequestResponseBodyMethodProcessor : Using 'application/json', given [*/*] and supported [application/json, application/*+json]
2026-10-08T12:55:28.673+09:00 DEBUG 15712 --- [free-form-janken] [io-18016-exec-5] m.m.a.RequestResponseBodyMethodProcessor : Writing [StatusView[serverTime=2026-10-08T03:55:28.670727700Z, userState=ROOM_WAITING, currentRoomId=4d755f89 (truncated)...]
2026-10-08T12:55:28.675+09:00 DEBUG 15712 --- [free-form-janken] [io-18016-exec-5] o.s.web.servlet.DispatcherServlet        : Completed 200 OK
2026-10-08T12:55:28.683+09:00 DEBUG 15712 --- [free-form-janken] [io-18016-exec-4] o.s.web.servlet.DispatcherServlet        : GET "/api/status?matchId=b43913df-a6e1-493a-93fa-2e82e4015a7e", parameters={masked}
2026-10-08T12:55:28.684+09:00 DEBUG 15712 --- [free-form-janken] [io-18016-exec-4] s.w.s.m.m.a.RequestMappingHandlerMapping : Mapped to com.example.janken.controller.StatusApiController#status(String, HttpServletRequest)
2026-10-08T12:55:28.686+09:00 DEBUG 15712 --- [free-form-janken] [io-18016-exec-4] m.m.a.RequestResponseBodyMethodProcessor : Using 'application/json', given [*/*] and supported [application/json, application/*+json]
2026-10-08T12:55:28.687+09:00 DEBUG 15712 --- [free-form-janken] [io-18016-exec-4] m.m.a.RequestResponseBodyMethodProcessor : Writing [StatusView[serverTime=2026-10-08T03:55:28.685408100Z, userState=ROOM_WAITING, currentRoomId=4d755f89 (truncated)...]
2026-10-08T12:55:28.689+09:00 DEBUG 15712 --- [free-form-janken] [io-18016-exec-4] o.s.web.servlet.DispatcherServlet        : Completed 200 OK
2026-10-08T12:55:30.715+09:00 DEBUG 15712 --- [free-form-janken] [io-18016-exec-6] o.s.web.servlet.DispatcherServlet        : GET "/api/status", parameters={}
2026-10-08T12:55:30.716+09:00 DEBUG 15712 --- [free-form-janken] [io-18016-exec-6] s.w.s.m.m.a.RequestMappingHandlerMapping : Mapped to com.example.janken.controller.StatusApiController#status(String, HttpServletRequest)
2026-10-08T12:55:30.717+09:00 DEBUG 15712 --- [free-form-janken] [io-18016-exec-6] m.m.a.RequestResponseBodyMethodProcessor : Using 'application/json', given [*/*] and supported [application/json, application/*+json]
2026-10-08T12:55:30.718+09:00 DEBUG 15712 --- [free-form-janken] [io-18016-exec-6] m.m.a.RequestResponseBodyMethodProcessor : Writing [StatusView[serverTime=2026-10-08T03:55:30.717223300Z, userState=ROOM_WAITING, currentRoomId=b879d677 (truncated)...]
2026-10-08T12:55:30.718+09:00 DEBUG 15712 --- [free-form-janken] [io-18016-exec-6] o.s.web.servlet.DispatcherServlet        : Completed 200 OK
2026-10-08T12:55:30.722+09:00 DEBUG 15712 --- [free-form-janken] [io-18016-exec-8] o.s.web.servlet.DispatcherServlet        : GET "/api/status?matchId=b43913df-a6e1-493a-93fa-2e82e4015a7e", parameters={masked}
2026-10-08T12:55:30.723+09:00 DEBUG 15712 --- [free-form-janken] [io-18016-exec-8] s.w.s.m.m.a.RequestMappingHandlerMapping : Mapped to com.example.janken.controller.StatusApiController#status(String, HttpServletRequest)
2026-10-08T12:55:30.724+09:00 DEBUG 15712 --- [free-form-janken] [io-18016-exec-8] m.m.a.RequestResponseBodyMethodProcessor : Using 'application/json', given [*/*] and supported [application/json, application/*+json]
2026-10-08T12:55:30.724+09:00 DEBUG 15712 --- [free-form-janken] [io-18016-exec-8] m.m.a.RequestResponseBodyMethodProcessor : Writing [StatusView[serverTime=2026-10-08T03:55:30.724155900Z, userState=ROOM_WAITING, currentRoomId=4d755f89 (truncated)...]
2026-10-08T12:55:30.725+09:00 DEBUG 15712 --- [free-form-janken] [io-18016-exec-8] o.s.web.servlet.DispatcherServlet        : Completed 200 OK
2026-10-08T12:55:30.728+09:00 DEBUG 15712 --- [free-form-janken] [io-18016-exec-9] o.s.web.servlet.DispatcherServlet        : GET "/api/status?matchId=b43913df-a6e1-493a-93fa-2e82e4015a7e", parameters={masked}
2026-10-08T12:55:30.729+09:00 DEBUG 15712 --- [free-form-janken] [io-18016-exec-9] s.w.s.m.m.a.RequestMappingHandlerMapping : Mapped to com.example.janken.controller.StatusApiController#status(String, HttpServletRequest)
2026-10-08T12:55:30.732+09:00 DEBUG 15712 --- [free-form-janken] [io-18016-exec-9] m.m.a.RequestResponseBodyMethodProcessor : Using 'application/json', given [*/*] and supported [application/json, application/*+json]
2026-10-08T12:55:30.733+09:00 DEBUG 15712 --- [free-form-janken] [io-18016-exec-9] m.m.a.RequestResponseBodyMethodProcessor : Writing [StatusView[serverTime=2026-10-08T03:55:30.730645700Z, userState=ROOM_WAITING, currentRoomId=4d755f89 (truncated)...]
2026-10-08T12:55:30.734+09:00 DEBUG 15712 --- [free-form-janken] [io-18016-exec-9] o.s.web.servlet.DispatcherServlet        : Completed 200 OK
2026-10-08T12:55:32.737+09:00 DEBUG 15712 --- [free-form-janken] [io-18016-exec-7] o.s.web.servlet.DispatcherServlet        : GET "/api/status", parameters={}
2026-10-08T12:55:32.739+09:00 DEBUG 15712 --- [free-form-janken] [io-18016-exec-7] s.w.s.m.m.a.RequestMappingHandlerMapping : Mapped to com.example.janken.controller.StatusApiController#status(String, HttpServletRequest)
2026-10-08T12:55:32.740+09:00 DEBUG 15712 --- [free-form-janken] [io-18016-exec-7] m.m.a.RequestResponseBodyMethodProcessor : Using 'application/json', given [*/*] and supported [application/json, application/*+json]
2026-10-08T12:55:32.741+09:00 DEBUG 15712 --- [free-form-janken] [io-18016-exec-7] m.m.a.RequestResponseBodyMethodProcessor : Writing [StatusView[serverTime=2026-10-08T03:55:32.740569600Z, userState=ROOM_WAITING, currentRoomId=b879d677 (truncated)...]
2026-10-08T12:55:32.742+09:00 DEBUG 15712 --- [free-form-janken] [io-18016-exec-7] o.s.web.servlet.DispatcherServlet        : Completed 200 OK
2026-10-08T12:55:32.745+09:00 DEBUG 15712 --- [free-form-janken] [o-18016-exec-10] o.s.web.servlet.DispatcherServlet        : GET "/api/status?matchId=b43913df-a6e1-493a-93fa-2e82e4015a7e", parameters={masked}
2026-10-08T12:55:32.746+09:00 DEBUG 15712 --- [free-form-janken] [o-18016-exec-10] s.w.s.m.m.a.RequestMappingHandlerMapping : Mapped to com.example.janken.controller.StatusApiController#status(String, HttpServletRequest)
2026-10-08T12:55:32.747+09:00 DEBUG 15712 --- [free-form-janken] [o-18016-exec-10] m.m.a.RequestResponseBodyMethodProcessor : Using 'application/json', given [*/*] and supported [application/json, application/*+json]
2026-10-08T12:55:32.748+09:00 DEBUG 15712 --- [free-form-janken] [o-18016-exec-10] m.m.a.RequestResponseBodyMethodProcessor : Writing [StatusView[serverTime=2026-10-08T03:55:32.747483700Z, userState=ROOM_WAITING, currentRoomId=4d755f89 (truncated)...]
2026-10-08T12:55:32.748+09:00 DEBUG 15712 --- [free-form-janken] [o-18016-exec-10] o.s.web.servlet.DispatcherServlet        : Completed 200 OK
2026-10-08T12:55:32.751+09:00 DEBUG 15712 --- [free-form-janken] [io-18016-exec-1] o.s.web.servlet.DispatcherServlet        : GET "/api/status?matchId=b43913df-a6e1-493a-93fa-2e82e4015a7e", parameters={masked}
2026-10-08T12:55:32.752+09:00 DEBUG 15712 --- [free-form-janken] [io-18016-exec-1] s.w.s.m.m.a.RequestMappingHandlerMapping : Mapped to com.example.janken.controller.StatusApiController#status(String, HttpServletRequest)
2026-10-08T12:55:32.753+09:00 DEBUG 15712 --- [free-form-janken] [io-18016-exec-1] m.m.a.RequestResponseBodyMethodProcessor : Using 'application/json', given [*/*] and supported [application/json, application/*+json]
2026-10-08T12:55:32.754+09:00 DEBUG 15712 --- [free-form-janken] [io-18016-exec-1] m.m.a.RequestResponseBodyMethodProcessor : Writing [StatusView[serverTime=2026-10-08T03:55:32.753594800Z, userState=ROOM_WAITING, currentRoomId=4d755f89 (truncated)...]
2026-10-08T12:55:32.755+09:00 DEBUG 15712 --- [free-form-janken] [io-18016-exec-1] o.s.web.servlet.DispatcherServlet        : Completed 200 OK
2026-10-08T12:55:34.770+09:00 DEBUG 15712 --- [free-form-janken] [io-18016-exec-2] o.s.web.servlet.DispatcherServlet        : GET "/api/status", parameters={}
2026-10-08T12:55:34.772+09:00 DEBUG 15712 --- [free-form-janken] [io-18016-exec-2] s.w.s.m.m.a.RequestMappingHandlerMapping : Mapped to com.example.janken.controller.StatusApiController#status(String, HttpServletRequest)
2026-10-08T12:55:34.773+09:00 DEBUG 15712 --- [free-form-janken] [io-18016-exec-2] m.m.a.RequestResponseBodyMethodProcessor : Using 'application/json', given [*/*] and supported [application/json, application/*+json]
2026-10-08T12:55:34.774+09:00 DEBUG 15712 --- [free-form-janken] [io-18016-exec-2] m.m.a.RequestResponseBodyMethodProcessor : Writing [StatusView[serverTime=2026-10-08T03:55:34.773299500Z, userState=ROOM_WAITING, currentRoomId=b879d677 (truncated)...]
2026-10-08T12:55:34.775+09:00 DEBUG 15712 --- [free-form-janken] [io-18016-exec-2] o.s.web.servlet.DispatcherServlet        : Completed 200 OK
2026-10-08T12:55:34.777+09:00 DEBUG 15712 --- [free-form-janken] [io-18016-exec-3] o.s.web.servlet.DispatcherServlet        : GET "/api/status?matchId=b43913df-a6e1-493a-93fa-2e82e4015a7e", parameters={masked}
2026-10-08T12:55:34.778+09:00 DEBUG 15712 --- [free-form-janken] [io-18016-exec-3] s.w.s.m.m.a.RequestMappingHandlerMapping : Mapped to com.example.janken.controller.StatusApiController#status(String, HttpServletRequest)
2026-10-08T12:55:34.778+09:00 DEBUG 15712 --- [free-form-janken] [io-18016-exec-3] m.m.a.RequestResponseBodyMethodProcessor : Using 'application/json', given [*/*] and supported [application/json, application/*+json]
2026-10-08T12:55:34.779+09:00 DEBUG 15712 --- [free-form-janken] [io-18016-exec-3] m.m.a.RequestResponseBodyMethodProcessor : Writing [StatusView[serverTime=2026-10-08T03:55:34.778301500Z, userState=ROOM_WAITING, currentRoomId=4d755f89 (truncated)...]
2026-10-08T12:55:34.780+09:00 DEBUG 15712 --- [free-form-janken] [io-18016-exec-3] o.s.web.servlet.DispatcherServlet        : Completed 200 OK
2026-10-08T12:55:34.782+09:00 DEBUG 15712 --- [free-form-janken] [io-18016-exec-5] o.s.web.servlet.DispatcherServlet        : GET "/api/status?matchId=b43913df-a6e1-493a-93fa-2e82e4015a7e", parameters={masked}
2026-10-08T12:55:34.784+09:00 DEBUG 15712 --- [free-form-janken] [io-18016-exec-5] s.w.s.m.m.a.RequestMappingHandlerMapping : Mapped to com.example.janken.controller.StatusApiController#status(String, HttpServletRequest)
2026-10-08T12:55:34.787+09:00 DEBUG 15712 --- [free-form-janken] [io-18016-exec-5] m.m.a.RequestResponseBodyMethodProcessor : Using 'application/json', given [*/*] and supported [application/json, application/*+json]
2026-10-08T12:55:34.788+09:00 DEBUG 15712 --- [free-form-janken] [io-18016-exec-5] m.m.a.RequestResponseBodyMethodProcessor : Writing [StatusView[serverTime=2026-10-08T03:55:34.787408400Z, userState=ROOM_WAITING, currentRoomId=4d755f89 (truncated)...]
2026-10-08T12:55:34.789+09:00 DEBUG 15712 --- [free-form-janken] [io-18016-exec-5] o.s.web.servlet.DispatcherServlet        : Completed 200 OK
2026-10-08T12:55:36.801+09:00 DEBUG 15712 --- [free-form-janken] [io-18016-exec-4] o.s.web.servlet.DispatcherServlet        : GET "/api/status", parameters={}
2026-10-08T12:55:36.802+09:00 DEBUG 15712 --- [free-form-janken] [io-18016-exec-4] s.w.s.m.m.a.RequestMappingHandlerMapping : Mapped to com.example.janken.controller.StatusApiController#status(String, HttpServletRequest)
2026-10-08T12:55:36.803+09:00 DEBUG 15712 --- [free-form-janken] [io-18016-exec-4] m.m.a.RequestResponseBodyMethodProcessor : Using 'application/json', given [*/*] and supported [application/json, application/*+json]
2026-10-08T12:55:36.803+09:00 DEBUG 15712 --- [free-form-janken] [io-18016-exec-4] m.m.a.RequestResponseBodyMethodProcessor : Writing [StatusView[serverTime=2026-10-08T03:55:36.803267600Z, userState=ROOM_NONE, currentRoomId=null, roomS (truncated)...]
2026-10-08T12:55:36.804+09:00 DEBUG 15712 --- [free-form-janken] [io-18016-exec-4] o.s.web.servlet.DispatcherServlet        : Completed 200 OK
2026-10-08T12:55:36.806+09:00 DEBUG 15712 --- [free-form-janken] [io-18016-exec-6] o.s.web.servlet.DispatcherServlet        : GET "/room", parameters={}
2026-10-08T12:55:36.807+09:00 DEBUG 15712 --- [free-form-janken] [io-18016-exec-6] s.w.s.m.m.a.RequestMappingHandlerMapping : Mapped to com.example.janken.controller.RoomController#room(HttpServletRequest, Model)
2026-10-08T12:55:36.808+09:00 DEBUG 15712 --- [free-form-janken] [io-18016-exec-6] o.s.web.servlet.view.RedirectView        : View name [redirect:], model {}
2026-10-08T12:55:36.809+09:00 DEBUG 15712 --- [free-form-janken] [io-18016-exec-6] o.s.web.servlet.DispatcherServlet        : Completed 302 FOUND
2026-10-08T12:56:43.954+09:00 DEBUG 15712 --- [free-form-janken] [io-18016-exec-7] o.s.web.servlet.DispatcherServlet        : GET "/", parameters={}
2026-10-08T12:56:43.955+09:00 DEBUG 15712 --- [free-form-janken] [io-18016-exec-7] s.w.s.m.m.a.RequestMappingHandlerMapping : Mapped to com.example.janken.controller.AuthController#index(HttpServletRequest, Model)
2026-10-08T12:56:43.956+09:00 DEBUG 15712 --- [free-form-janken] [io-18016-exec-7] o.s.w.s.v.ContentNegotiatingViewResolver : Selected '*/*' given [*/*]
2026-10-08T12:56:43.960+09:00 DEBUG 15712 --- [free-form-janken] [io-18016-exec-7] o.s.web.servlet.DispatcherServlet        : Completed 200 OK
2026-10-08T12:56:43.975+09:00 DEBUG 15712 --- [free-form-janken] [o-18016-exec-10] o.s.web.servlet.DispatcherServlet        : POST "/login", parameters={masked}
2026-10-08T12:56:43.976+09:00 DEBUG 15712 --- [free-form-janken] [o-18016-exec-10] s.w.s.m.m.a.RequestMappingHandlerMapping : Mapped to com.example.janken.controller.AuthController#login(LoginForm, HttpServletRequest)
2026-10-08T12:56:43.978+09:00 DEBUG 15712 --- [free-form-janken] [o-18016-exec-10] o.s.web.servlet.view.RedirectView        : View name [redirect:], model {}
2026-10-08T12:56:43.980+09:00 DEBUG 15712 --- [free-form-janken] [o-18016-exec-10] o.s.web.servlet.DispatcherServlet        : Completed 302 FOUND
2026-10-08T12:56:43.986+09:00 DEBUG 15712 --- [free-form-janken] [io-18016-exec-1] o.s.web.servlet.DispatcherServlet        : POST "/rooms/enter", parameters={masked}
2026-10-08T12:56:43.986+09:00 DEBUG 15712 --- [free-form-janken] [io-18016-exec-1] s.w.s.m.m.a.RequestMappingHandlerMapping : Mapped to com.example.janken.controller.RoomController#enter(RoomEnterForm, HttpServletRequest)
2026-10-08T12:56:43.987+09:00 DEBUG 15712 --- [free-form-janken] [io-18016-exec-1] o.s.web.servlet.view.RedirectView        : View name [redirect:], model {}
2026-10-08T12:56:43.989+09:00 DEBUG 15712 --- [free-form-janken] [io-18016-exec-1] o.s.web.servlet.DispatcherServlet        : Completed 302 FOUND
2026-10-08T12:56:43.993+09:00 DEBUG 15712 --- [free-form-janken] [io-18016-exec-2] o.s.web.servlet.DispatcherServlet        : GET "/api/status", parameters={}
2026-10-08T12:56:43.993+09:00 DEBUG 15712 --- [free-form-janken] [io-18016-exec-2] s.w.s.m.m.a.RequestMappingHandlerMapping : Mapped to com.example.janken.controller.StatusApiController#status(String, HttpServletRequest)
2026-10-08T12:56:43.994+09:00 DEBUG 15712 --- [free-form-janken] [io-18016-exec-2] m.m.a.RequestResponseBodyMethodProcessor : Using 'application/json', given [*/*] and supported [application/json, application/*+json]
2026-10-08T12:56:43.995+09:00 DEBUG 15712 --- [free-form-janken] [io-18016-exec-2] m.m.a.RequestResponseBodyMethodProcessor : Writing [StatusView[serverTime=2026-10-08T03:56:43.994281Z, userState=ROOM_WAITING, currentRoomId=104b4a4d-3a (truncated)...]
2026-10-08T12:56:43.996+09:00 DEBUG 15712 --- [free-form-janken] [io-18016-exec-2] o.s.web.servlet.DispatcherServlet        : Completed 200 OK
2026-10-08T12:56:43.999+09:00 DEBUG 15712 --- [free-form-janken] [io-18016-exec-3] o.s.web.servlet.DispatcherServlet        : POST "/login", parameters={masked}
2026-10-08T12:56:43.999+09:00 DEBUG 15712 --- [free-form-janken] [io-18016-exec-3] s.w.s.m.m.a.RequestMappingHandlerMapping : Mapped to com.example.janken.controller.AuthController#login(LoginForm, HttpServletRequest)
2026-10-08T12:56:44.001+09:00 DEBUG 15712 --- [free-form-janken] [io-18016-exec-3] o.s.web.servlet.view.RedirectView        : View name [redirect:], model {}
2026-10-08T12:56:44.002+09:00 DEBUG 15712 --- [free-form-janken] [io-18016-exec-3] o.s.web.servlet.DispatcherServlet        : Completed 302 FOUND
2026-10-08T12:56:44.007+09:00 DEBUG 15712 --- [free-form-janken] [io-18016-exec-5] o.s.web.servlet.DispatcherServlet        : POST "/rooms/enter", parameters={masked}
2026-10-08T12:56:44.008+09:00 DEBUG 15712 --- [free-form-janken] [io-18016-exec-5] s.w.s.m.m.a.RequestMappingHandlerMapping : Mapped to com.example.janken.controller.RoomController#enter(RoomEnterForm, HttpServletRequest)
2026-10-08T12:56:44.011+09:00 DEBUG 15712 --- [free-form-janken] [io-18016-exec-5] o.s.web.servlet.view.RedirectView        : View name [redirect:], model {}
2026-10-08T12:56:44.012+09:00 DEBUG 15712 --- [free-form-janken] [io-18016-exec-5] o.s.web.servlet.DispatcherServlet        : Completed 302 FOUND
2026-10-08T12:56:44.018+09:00 DEBUG 15712 --- [free-form-janken] [io-18016-exec-4] o.s.web.servlet.DispatcherServlet        : GET "/api/status", parameters={}
2026-10-08T12:56:44.019+09:00 DEBUG 15712 --- [free-form-janken] [io-18016-exec-4] s.w.s.m.m.a.RequestMappingHandlerMapping : Mapped to com.example.janken.controller.StatusApiController#status(String, HttpServletRequest)
2026-10-08T12:56:44.021+09:00 DEBUG 15712 --- [free-form-janken] [io-18016-exec-4] m.m.a.RequestResponseBodyMethodProcessor : Using 'application/json', given [*/*] and supported [application/json, application/*+json]
2026-10-08T12:56:44.021+09:00 DEBUG 15712 --- [free-form-janken] [io-18016-exec-4] m.m.a.RequestResponseBodyMethodProcessor : Writing [StatusView[serverTime=2026-10-08T03:56:44.020284300Z, userState=ROOM_WAITING, currentRoomId=104b4a4d (truncated)...]
2026-10-08T12:56:44.022+09:00 DEBUG 15712 --- [free-form-janken] [io-18016-exec-4] o.s.web.servlet.DispatcherServlet        : Completed 200 OK
2026-10-08T12:56:44.026+09:00 DEBUG 15712 --- [free-form-janken] [io-18016-exec-6] o.s.web.servlet.DispatcherServlet        : POST "/login", parameters={masked}
2026-10-08T12:56:44.027+09:00 DEBUG 15712 --- [free-form-janken] [io-18016-exec-6] s.w.s.m.m.a.RequestMappingHandlerMapping : Mapped to com.example.janken.controller.AuthController#login(LoginForm, HttpServletRequest)
2026-10-08T12:56:44.030+09:00 DEBUG 15712 --- [free-form-janken] [io-18016-exec-6] o.s.web.servlet.view.RedirectView        : View name [redirect:], model {}
2026-10-08T12:56:44.031+09:00 DEBUG 15712 --- [free-form-janken] [io-18016-exec-6] o.s.web.servlet.DispatcherServlet        : Completed 302 FOUND
2026-10-08T12:56:44.035+09:00 DEBUG 15712 --- [free-form-janken] [io-18016-exec-8] o.s.web.servlet.DispatcherServlet        : POST "/rooms/enter", parameters={masked}
2026-10-08T12:56:44.036+09:00 DEBUG 15712 --- [free-form-janken] [io-18016-exec-8] s.w.s.m.m.a.RequestMappingHandlerMapping : Mapped to com.example.janken.controller.RoomController#enter(RoomEnterForm, HttpServletRequest)
2026-10-08T12:56:44.038+09:00 DEBUG 15712 --- [free-form-janken] [io-18016-exec-8] o.s.web.servlet.view.RedirectView        : View name [redirect:], model {}
2026-10-08T12:56:44.038+09:00 DEBUG 15712 --- [free-form-janken] [io-18016-exec-8] o.s.web.servlet.DispatcherServlet        : Completed 302 FOUND
2026-10-08T12:56:44.043+09:00 DEBUG 15712 --- [free-form-janken] [io-18016-exec-9] o.s.web.servlet.DispatcherServlet        : GET "/api/status", parameters={}
2026-10-08T12:56:44.044+09:00 DEBUG 15712 --- [free-form-janken] [io-18016-exec-9] s.w.s.m.m.a.RequestMappingHandlerMapping : Mapped to com.example.janken.controller.StatusApiController#status(String, HttpServletRequest)
2026-10-08T12:56:44.045+09:00 DEBUG 15712 --- [free-form-janken] [io-18016-exec-9] m.m.a.RequestResponseBodyMethodProcessor : Using 'application/json', given [*/*] and supported [application/json, application/*+json]
2026-10-08T12:56:44.046+09:00 DEBUG 15712 --- [free-form-janken] [io-18016-exec-9] m.m.a.RequestResponseBodyMethodProcessor : Writing [StatusView[serverTime=2026-10-08T03:56:44.045564600Z, userState=ROOM_WAITING, currentRoomId=2d1f5452 (truncated)...]
2026-10-08T12:56:44.047+09:00 DEBUG 15712 --- [free-form-janken] [io-18016-exec-9] o.s.web.servlet.DispatcherServlet        : Completed 200 OK
2026-10-08T12:56:44.054+09:00 DEBUG 15712 --- [free-form-janken] [io-18016-exec-7] o.s.web.servlet.DispatcherServlet        : POST "/login", parameters={masked}
2026-10-08T12:56:44.055+09:00 DEBUG 15712 --- [free-form-janken] [io-18016-exec-7] s.w.s.m.m.a.RequestMappingHandlerMapping : Mapped to com.example.janken.controller.AuthController#login(LoginForm, HttpServletRequest)
2026-10-08T12:56:44.056+09:00 DEBUG 15712 --- [free-form-janken] [io-18016-exec-7] o.s.web.servlet.view.RedirectView        : View name [redirect:], model {}
2026-10-08T12:56:44.057+09:00 DEBUG 15712 --- [free-form-janken] [io-18016-exec-7] o.s.web.servlet.DispatcherServlet        : Completed 302 FOUND
2026-10-08T12:56:44.062+09:00 DEBUG 15712 --- [free-form-janken] [o-18016-exec-10] o.s.web.servlet.DispatcherServlet        : POST "/rooms/enter", parameters={masked}
2026-10-08T12:56:44.063+09:00 DEBUG 15712 --- [free-form-janken] [o-18016-exec-10] s.w.s.m.m.a.RequestMappingHandlerMapping : Mapped to com.example.janken.controller.RoomController#enter(RoomEnterForm, HttpServletRequest)
2026-10-08T12:56:44.064+09:00 DEBUG 15712 --- [free-form-janken] [o-18016-exec-10] o.s.web.servlet.view.RedirectView        : View name [redirect:], model {}
2026-10-08T12:56:44.065+09:00 DEBUG 15712 --- [free-form-janken] [o-18016-exec-10] o.s.web.servlet.DispatcherServlet        : Completed 302 FOUND
2026-10-08T12:56:44.069+09:00 DEBUG 15712 --- [free-form-janken] [io-18016-exec-1] o.s.web.servlet.DispatcherServlet        : GET "/api/status", parameters={}
2026-10-08T12:56:44.070+09:00 DEBUG 15712 --- [free-form-janken] [io-18016-exec-1] s.w.s.m.m.a.RequestMappingHandlerMapping : Mapped to com.example.janken.controller.StatusApiController#status(String, HttpServletRequest)
2026-10-08T12:56:44.071+09:00 DEBUG 15712 --- [free-form-janken] [io-18016-exec-1] m.m.a.RequestResponseBodyMethodProcessor : Using 'application/json', given [*/*] and supported [application/json, application/*+json]
2026-10-08T12:56:44.072+09:00 DEBUG 15712 --- [free-form-janken] [io-18016-exec-1] m.m.a.RequestResponseBodyMethodProcessor : Writing [StatusView[serverTime=2026-10-08T03:56:44.071815Z, userState=ROOM_WAITING, currentRoomId=2d1f5452-f9 (truncated)...]
2026-10-08T12:56:44.072+09:00 DEBUG 15712 --- [free-form-janken] [io-18016-exec-1] o.s.web.servlet.DispatcherServlet        : Completed 200 OK
2026-10-08T12:56:44.075+09:00 DEBUG 15712 --- [free-form-janken] [io-18016-exec-2] o.s.web.servlet.DispatcherServlet        : POST "/original-hand/save", parameters={masked}
2026-10-08T12:56:44.076+09:00 DEBUG 15712 --- [free-form-janken] [io-18016-exec-2] s.w.s.m.m.a.RequestMappingHandlerMapping : Mapped to com.example.janken.controller.OriginalHandController#save(OriginalHandForm, BindingResult, HttpServletRequest, HttpServletResponse, Model)
2026-10-08T12:56:44.079+09:00 DEBUG 15712 --- [free-form-janken] [io-18016-exec-2] o.s.web.servlet.view.RedirectView        : View name [redirect:], model {}
2026-10-08T12:56:44.079+09:00 DEBUG 15712 --- [free-form-janken] [io-18016-exec-2] o.s.web.servlet.DispatcherServlet        : Completed 302 FOUND
2026-10-08T12:56:44.082+09:00 DEBUG 15712 --- [free-form-janken] [io-18016-exec-3] o.s.web.servlet.DispatcherServlet        : POST "/room/ready", parameters={masked}
2026-10-08T12:56:44.083+09:00 DEBUG 15712 --- [free-form-janken] [io-18016-exec-3] s.w.s.m.m.a.RequestMappingHandlerMapping : Mapped to com.example.janken.controller.RoomController#ready(RoomActionForm, HttpServletRequest)
2026-10-08T12:56:44.086+09:00 DEBUG 15712 --- [free-form-janken] [io-18016-exec-3] o.s.web.servlet.view.RedirectView        : View name [redirect:], model {}
2026-10-08T12:56:44.088+09:00 DEBUG 15712 --- [free-form-janken] [io-18016-exec-3] o.s.web.servlet.DispatcherServlet        : Completed 302 FOUND
2026-10-08T12:56:44.092+09:00 DEBUG 15712 --- [free-form-janken] [io-18016-exec-5] o.s.web.servlet.DispatcherServlet        : POST "/original-hand/save", parameters={masked}
2026-10-08T12:56:44.092+09:00 DEBUG 15712 --- [free-form-janken] [io-18016-exec-5] s.w.s.m.m.a.RequestMappingHandlerMapping : Mapped to com.example.janken.controller.OriginalHandController#save(OriginalHandForm, BindingResult, HttpServletRequest, HttpServletResponse, Model)
2026-10-08T12:56:44.094+09:00 DEBUG 15712 --- [free-form-janken] [io-18016-exec-5] o.s.web.servlet.view.RedirectView        : View name [redirect:], model {}
2026-10-08T12:56:44.095+09:00 DEBUG 15712 --- [free-form-janken] [io-18016-exec-5] o.s.web.servlet.DispatcherServlet        : Completed 302 FOUND
2026-10-08T12:56:44.098+09:00 DEBUG 15712 --- [free-form-janken] [io-18016-exec-4] o.s.web.servlet.DispatcherServlet        : POST "/room/ready", parameters={masked}
2026-10-08T12:56:44.099+09:00 DEBUG 15712 --- [free-form-janken] [io-18016-exec-4] s.w.s.m.m.a.RequestMappingHandlerMapping : Mapped to com.example.janken.controller.RoomController#ready(RoomActionForm, HttpServletRequest)
2026-10-08T12:56:44.101+09:00 DEBUG 15712 --- [free-form-janken] [io-18016-exec-4] o.s.web.servlet.view.RedirectView        : View name [redirect:], model {}
2026-10-08T12:56:44.102+09:00 DEBUG 15712 --- [free-form-janken] [io-18016-exec-4] o.s.web.servlet.DispatcherServlet        : Completed 302 FOUND
2026-10-08T12:56:44.105+09:00 DEBUG 15712 --- [free-form-janken] [io-18016-exec-6] o.s.web.servlet.DispatcherServlet        : POST "/room/rules", parameters={masked}
2026-10-08T12:56:44.106+09:00 DEBUG 15712 --- [free-form-janken] [io-18016-exec-6] s.w.s.m.m.a.RequestMappingHandlerMapping : Mapped to com.example.janken.controller.RoomController#rules(RoomRuleForm, BindingResult, HttpServletRequest)
2026-10-08T12:56:44.108+09:00 DEBUG 15712 --- [free-form-janken] [io-18016-exec-6] o.s.web.servlet.view.RedirectView        : View name [redirect:], model {}
2026-10-08T12:56:44.108+09:00 DEBUG 15712 --- [free-form-janken] [io-18016-exec-6] o.s.web.servlet.DispatcherServlet        : Completed 302 FOUND
2026-10-08T12:56:44.111+09:00 DEBUG 15712 --- [free-form-janken] [io-18016-exec-8] o.s.web.servlet.DispatcherServlet        : POST "/room/start", parameters={masked}
2026-10-08T12:56:44.112+09:00 DEBUG 15712 --- [free-form-janken] [io-18016-exec-8] s.w.s.m.m.a.RequestMappingHandlerMapping : Mapped to com.example.janken.controller.RoomController#start(RoomActionForm, HttpServletRequest)
2026-10-08T12:56:44.114+09:00 DEBUG 15712 --- [free-form-janken] [io-18016-exec-8] o.s.web.servlet.view.RedirectView        : View name [redirect:], model {}
2026-10-08T12:56:44.115+09:00 DEBUG 15712 --- [free-form-janken] [io-18016-exec-8] o.s.web.servlet.DispatcherServlet        : Completed 302 FOUND
2026-10-08T12:56:44.118+09:00 DEBUG 15712 --- [free-form-janken] [io-18016-exec-9] o.s.web.servlet.DispatcherServlet        : GET "/api/status", parameters={}
2026-10-08T12:56:44.120+09:00 DEBUG 15712 --- [free-form-janken] [io-18016-exec-9] s.w.s.m.m.a.RequestMappingHandlerMapping : Mapped to com.example.janken.controller.StatusApiController#status(String, HttpServletRequest)
2026-10-08T12:56:44.122+09:00 DEBUG 15712 --- [free-form-janken] [io-18016-exec-9] m.m.a.RequestResponseBodyMethodProcessor : Using 'application/json', given [*/*] and supported [application/json, application/*+json]
2026-10-08T12:56:44.122+09:00 DEBUG 15712 --- [free-form-janken] [io-18016-exec-9] m.m.a.RequestResponseBodyMethodProcessor : Writing [StatusView[serverTime=2026-10-08T03:56:44.121166400Z, userState=PLAYING, currentRoomId=2d1f5452-f934 (truncated)...]
2026-10-08T12:56:44.124+09:00 DEBUG 15712 --- [free-form-janken] [io-18016-exec-9] o.s.web.servlet.DispatcherServlet        : Completed 200 OK
2026-10-08T12:56:44.129+09:00 DEBUG 15712 --- [free-form-janken] [io-18016-exec-7] o.s.web.servlet.DispatcherServlet        : POST "/play", parameters={masked}
2026-10-08T12:56:44.130+09:00 DEBUG 15712 --- [free-form-janken] [io-18016-exec-7] s.w.s.m.m.a.RequestMappingHandlerMapping : Mapped to com.example.janken.controller.GameController#submitHand(HandSelectionForm, HttpServletRequest)
2026-10-08T12:56:44.132+09:00 DEBUG 15712 --- [free-form-janken] [io-18016-exec-7] o.s.web.servlet.view.RedirectView        : View name [redirect:], model {}
2026-10-08T12:56:44.132+09:00 DEBUG 15712 --- [free-form-janken] [io-18016-exec-7] o.s.web.servlet.DispatcherServlet        : Completed 302 FOUND
2026-10-08T12:56:44.135+09:00 DEBUG 15712 --- [free-form-janken] [o-18016-exec-10] o.s.web.servlet.DispatcherServlet        : POST "/play", parameters={masked}
2026-10-08T12:56:44.136+09:00 DEBUG 15712 --- [free-form-janken] [o-18016-exec-10] s.w.s.m.m.a.RequestMappingHandlerMapping : Mapped to com.example.janken.controller.GameController#submitHand(HandSelectionForm, HttpServletRequest)
2026-10-08T12:56:44.138+09:00 DEBUG 15712 --- [free-form-janken] [o-18016-exec-10] o.s.web.servlet.view.RedirectView        : View name [redirect:], model {}
2026-10-08T12:56:44.139+09:00 DEBUG 15712 --- [free-form-janken] [o-18016-exec-10] o.s.web.servlet.DispatcherServlet        : Completed 302 FOUND
2026-10-08T12:56:44.141+09:00 DEBUG 15712 --- [free-form-janken] [io-18016-exec-1] o.s.web.servlet.DispatcherServlet        : GET "/api/status?matchId=9b36d576-48b9-45d0-8fd1-544171c0f429", parameters={masked}
2026-10-08T12:56:44.142+09:00 DEBUG 15712 --- [free-form-janken] [io-18016-exec-1] s.w.s.m.m.a.RequestMappingHandlerMapping : Mapped to com.example.janken.controller.StatusApiController#status(String, HttpServletRequest)
2026-10-08T12:56:44.143+09:00 DEBUG 15712 --- [free-form-janken] [io-18016-exec-1] m.m.a.RequestResponseBodyMethodProcessor : Using 'application/json', given [*/*] and supported [application/json, application/*+json]
2026-10-08T12:56:44.144+09:00 DEBUG 15712 --- [free-form-janken] [io-18016-exec-1] m.m.a.RequestResponseBodyMethodProcessor : Writing [StatusView[serverTime=2026-10-08T03:56:44.143689Z, userState=PLAYING, currentRoomId=2d1f5452-f934-48 (truncated)...]
2026-10-08T12:56:44.145+09:00 DEBUG 15712 --- [free-form-janken] [io-18016-exec-1] o.s.web.servlet.DispatcherServlet        : Completed 200 OK
2026-10-08T12:56:44.148+09:00 DEBUG 15712 --- [free-form-janken] [io-18016-exec-2] o.s.web.servlet.DispatcherServlet        : GET "/api/status", parameters={}
2026-10-08T12:56:44.149+09:00 DEBUG 15712 --- [free-form-janken] [io-18016-exec-2] s.w.s.m.m.a.RequestMappingHandlerMapping : Mapped to com.example.janken.controller.StatusApiController#status(String, HttpServletRequest)
2026-10-08T12:56:44.151+09:00 DEBUG 15712 --- [free-form-janken] [io-18016-exec-2] m.m.a.RequestResponseBodyMethodProcessor : Using 'application/json', given [*/*] and supported [application/json, application/*+json]
2026-10-08T12:56:44.151+09:00 DEBUG 15712 --- [free-form-janken] [io-18016-exec-2] m.m.a.RequestResponseBodyMethodProcessor : Writing [StatusView[serverTime=2026-10-08T03:56:44.150704Z, userState=ROOM_WAITING, currentRoomId=104b4a4d-3a (truncated)...]
2026-10-08T12:56:44.152+09:00 DEBUG 15712 --- [free-form-janken] [io-18016-exec-2] o.s.web.servlet.DispatcherServlet        : Completed 200 OK
2026-10-08T12:56:44.156+09:00 DEBUG 15712 --- [free-form-janken] [io-18016-exec-3] o.s.web.servlet.DispatcherServlet        : GET "/api/status?matchId=9b36d576-48b9-45d0-8fd1-544171c0f429", parameters={masked}
2026-10-08T12:56:44.159+09:00 DEBUG 15712 --- [free-form-janken] [io-18016-exec-3] s.w.s.m.m.a.RequestMappingHandlerMapping : Mapped to com.example.janken.controller.StatusApiController#status(String, HttpServletRequest)
2026-10-08T12:56:44.161+09:00 DEBUG 15712 --- [free-form-janken] [io-18016-exec-3] m.m.a.RequestResponseBodyMethodProcessor : Using 'application/json', given [*/*] and supported [application/json, application/*+json]
2026-10-08T12:56:44.161+09:00 DEBUG 15712 --- [free-form-janken] [io-18016-exec-3] m.m.a.RequestResponseBodyMethodProcessor : Writing [StatusView[serverTime=2026-10-08T03:56:44.159687400Z, userState=PLAYING, currentRoomId=2d1f5452-f934 (truncated)...]
2026-10-08T12:56:44.162+09:00 DEBUG 15712 --- [free-form-janken] [io-18016-exec-3] o.s.web.servlet.DispatcherServlet        : Completed 200 OK
2026-10-08T12:56:44.165+09:00 DEBUG 15712 --- [free-form-janken] [io-18016-exec-5] o.s.web.servlet.DispatcherServlet        : GET "/api/status?matchId=9b36d576-48b9-45d0-8fd1-544171c0f429", parameters={masked}
2026-10-08T12:56:44.165+09:00 DEBUG 15712 --- [free-form-janken] [io-18016-exec-5] s.w.s.m.m.a.RequestMappingHandlerMapping : Mapped to com.example.janken.controller.StatusApiController#status(String, HttpServletRequest)
2026-10-08T12:56:44.166+09:00 DEBUG 15712 --- [free-form-janken] [io-18016-exec-5] m.m.a.RequestResponseBodyMethodProcessor : Using 'application/json', given [*/*] and supported [application/json, application/*+json]
2026-10-08T12:56:44.166+09:00 DEBUG 15712 --- [free-form-janken] [io-18016-exec-5] m.m.a.RequestResponseBodyMethodProcessor : Writing [StatusView[serverTime=2026-10-08T03:56:44.166920500Z, userState=PLAYING, currentRoomId=2d1f5452-f934 (truncated)...]
2026-10-08T12:56:44.168+09:00 DEBUG 15712 --- [free-form-janken] [io-18016-exec-5] o.s.web.servlet.DispatcherServlet        : Completed 200 OK
2026-10-08T12:56:46.177+09:00 DEBUG 15712 --- [free-form-janken] [io-18016-exec-4] o.s.web.servlet.DispatcherServlet        : GET "/api/status", parameters={}
2026-10-08T12:56:46.178+09:00 DEBUG 15712 --- [free-form-janken] [io-18016-exec-4] s.w.s.m.m.a.RequestMappingHandlerMapping : Mapped to com.example.janken.controller.StatusApiController#status(String, HttpServletRequest)
2026-10-08T12:56:46.179+09:00 DEBUG 15712 --- [free-form-janken] [io-18016-exec-4] m.m.a.RequestResponseBodyMethodProcessor : Using 'application/json', given [*/*] and supported [application/json, application/*+json]
2026-10-08T12:56:46.180+09:00 DEBUG 15712 --- [free-form-janken] [io-18016-exec-4] m.m.a.RequestResponseBodyMethodProcessor : Writing [StatusView[serverTime=2026-10-08T03:56:46.179952400Z, userState=ROOM_WAITING, currentRoomId=104b4a4d (truncated)...]
2026-10-08T12:56:46.182+09:00 DEBUG 15712 --- [free-form-janken] [io-18016-exec-4] o.s.web.servlet.DispatcherServlet        : Completed 200 OK
2026-10-08T12:56:46.185+09:00 DEBUG 15712 --- [free-form-janken] [io-18016-exec-6] o.s.web.servlet.DispatcherServlet        : GET "/api/status?matchId=9b36d576-48b9-45d0-8fd1-544171c0f429", parameters={masked}
2026-10-08T12:56:46.186+09:00 DEBUG 15712 --- [free-form-janken] [io-18016-exec-6] s.w.s.m.m.a.RequestMappingHandlerMapping : Mapped to com.example.janken.controller.StatusApiController#status(String, HttpServletRequest)
2026-10-08T12:56:46.187+09:00 DEBUG 15712 --- [free-form-janken] [io-18016-exec-6] m.m.a.RequestResponseBodyMethodProcessor : Using 'application/json', given [*/*] and supported [application/json, application/*+json]
2026-10-08T12:56:46.187+09:00 DEBUG 15712 --- [free-form-janken] [io-18016-exec-6] m.m.a.RequestResponseBodyMethodProcessor : Writing [StatusView[serverTime=2026-10-08T03:56:46.186920100Z, userState=PLAYING, currentRoomId=2d1f5452-f934 (truncated)...]
2026-10-08T12:56:46.189+09:00 DEBUG 15712 --- [free-form-janken] [io-18016-exec-6] o.s.web.servlet.DispatcherServlet        : Completed 200 OK
2026-10-08T12:56:46.195+09:00 DEBUG 15712 --- [free-form-janken] [io-18016-exec-8] o.s.web.servlet.DispatcherServlet        : GET "/api/status?matchId=9b36d576-48b9-45d0-8fd1-544171c0f429", parameters={masked}
2026-10-08T12:56:46.196+09:00 DEBUG 15712 --- [free-form-janken] [io-18016-exec-8] s.w.s.m.m.a.RequestMappingHandlerMapping : Mapped to com.example.janken.controller.StatusApiController#status(String, HttpServletRequest)
2026-10-08T12:56:46.197+09:00 DEBUG 15712 --- [free-form-janken] [io-18016-exec-8] m.m.a.RequestResponseBodyMethodProcessor : Using 'application/json', given [*/*] and supported [application/json, application/*+json]
2026-10-08T12:56:46.197+09:00 DEBUG 15712 --- [free-form-janken] [io-18016-exec-8] m.m.a.RequestResponseBodyMethodProcessor : Writing [StatusView[serverTime=2026-10-08T03:56:46.196080Z, userState=PLAYING, currentRoomId=2d1f5452-f934-48 (truncated)...]
2026-10-08T12:56:46.198+09:00 DEBUG 15712 --- [free-form-janken] [io-18016-exec-8] o.s.web.servlet.DispatcherServlet        : Completed 200 OK
2026-10-08T12:56:48.210+09:00 DEBUG 15712 --- [free-form-janken] [io-18016-exec-9] o.s.web.servlet.DispatcherServlet        : GET "/api/status", parameters={}
2026-10-08T12:56:48.211+09:00 DEBUG 15712 --- [free-form-janken] [io-18016-exec-9] s.w.s.m.m.a.RequestMappingHandlerMapping : Mapped to com.example.janken.controller.StatusApiController#status(String, HttpServletRequest)
2026-10-08T12:56:48.211+09:00 DEBUG 15712 --- [free-form-janken] [io-18016-exec-9] m.m.a.RequestResponseBodyMethodProcessor : Using 'application/json', given [*/*] and supported [application/json, application/*+json]
2026-10-08T12:56:48.212+09:00 DEBUG 15712 --- [free-form-janken] [io-18016-exec-9] m.m.a.RequestResponseBodyMethodProcessor : Writing [StatusView[serverTime=2026-10-08T03:56:48.211587600Z, userState=ROOM_WAITING, currentRoomId=104b4a4d (truncated)...]
2026-10-08T12:56:48.212+09:00 DEBUG 15712 --- [free-form-janken] [io-18016-exec-9] o.s.web.servlet.DispatcherServlet        : Completed 200 OK
2026-10-08T12:56:48.215+09:00 DEBUG 15712 --- [free-form-janken] [io-18016-exec-7] o.s.web.servlet.DispatcherServlet        : GET "/api/status?matchId=9b36d576-48b9-45d0-8fd1-544171c0f429", parameters={masked}
2026-10-08T12:56:48.217+09:00 DEBUG 15712 --- [free-form-janken] [io-18016-exec-7] s.w.s.m.m.a.RequestMappingHandlerMapping : Mapped to com.example.janken.controller.StatusApiController#status(String, HttpServletRequest)
2026-10-08T12:56:48.220+09:00 DEBUG 15712 --- [free-form-janken] [io-18016-exec-7] m.m.a.RequestResponseBodyMethodProcessor : Using 'application/json', given [*/*] and supported [application/json, application/*+json]
2026-10-08T12:56:48.220+09:00 DEBUG 15712 --- [free-form-janken] [io-18016-exec-7] m.m.a.RequestResponseBodyMethodProcessor : Writing [StatusView[serverTime=2026-10-08T03:56:48.218080200Z, userState=PLAYING, currentRoomId=2d1f5452-f934 (truncated)...]
2026-10-08T12:56:48.221+09:00 DEBUG 15712 --- [free-form-janken] [io-18016-exec-7] o.s.web.servlet.DispatcherServlet        : Completed 200 OK
2026-10-08T12:56:48.224+09:00 DEBUG 15712 --- [free-form-janken] [o-18016-exec-10] o.s.web.servlet.DispatcherServlet        : GET "/api/status?matchId=9b36d576-48b9-45d0-8fd1-544171c0f429", parameters={masked}
2026-10-08T12:56:48.224+09:00 DEBUG 15712 --- [free-form-janken] [o-18016-exec-10] s.w.s.m.m.a.RequestMappingHandlerMapping : Mapped to com.example.janken.controller.StatusApiController#status(String, HttpServletRequest)
2026-10-08T12:56:48.225+09:00 DEBUG 15712 --- [free-form-janken] [o-18016-exec-10] m.m.a.RequestResponseBodyMethodProcessor : Using 'application/json', given [*/*] and supported [application/json, application/*+json]
2026-10-08T12:56:48.225+09:00 DEBUG 15712 --- [free-form-janken] [o-18016-exec-10] m.m.a.RequestResponseBodyMethodProcessor : Writing [StatusView[serverTime=2026-10-08T03:56:48.225343700Z, userState=PLAYING, currentRoomId=2d1f5452-f934 (truncated)...]
2026-10-08T12:56:48.226+09:00 DEBUG 15712 --- [free-form-janken] [o-18016-exec-10] o.s.web.servlet.DispatcherServlet        : Completed 200 OK
2026-10-08T12:56:50.238+09:00 DEBUG 15712 --- [free-form-janken] [io-18016-exec-1] o.s.web.servlet.DispatcherServlet        : GET "/api/status", parameters={}
2026-10-08T12:56:50.239+09:00 DEBUG 15712 --- [free-form-janken] [io-18016-exec-1] s.w.s.m.m.a.RequestMappingHandlerMapping : Mapped to com.example.janken.controller.StatusApiController#status(String, HttpServletRequest)
2026-10-08T12:56:50.241+09:00 DEBUG 15712 --- [free-form-janken] [io-18016-exec-1] m.m.a.RequestResponseBodyMethodProcessor : Using 'application/json', given [*/*] and supported [application/json, application/*+json]
2026-10-08T12:56:50.242+09:00 DEBUG 15712 --- [free-form-janken] [io-18016-exec-1] m.m.a.RequestResponseBodyMethodProcessor : Writing [StatusView[serverTime=2026-10-08T03:56:50.240215100Z, userState=ROOM_WAITING, currentRoomId=104b4a4d (truncated)...]
2026-10-08T12:56:50.243+09:00 DEBUG 15712 --- [free-form-janken] [io-18016-exec-1] o.s.web.servlet.DispatcherServlet        : Completed 200 OK
2026-10-08T12:56:50.251+09:00 DEBUG 15712 --- [free-form-janken] [io-18016-exec-2] o.s.web.servlet.DispatcherServlet        : GET "/api/status?matchId=9b36d576-48b9-45d0-8fd1-544171c0f429", parameters={masked}
2026-10-08T12:56:50.253+09:00 DEBUG 15712 --- [free-form-janken] [io-18016-exec-2] s.w.s.m.m.a.RequestMappingHandlerMapping : Mapped to com.example.janken.controller.StatusApiController#status(String, HttpServletRequest)
2026-10-08T12:56:50.254+09:00 DEBUG 15712 --- [free-form-janken] [io-18016-exec-2] m.m.a.RequestResponseBodyMethodProcessor : Using 'application/json', given [*/*] and supported [application/json, application/*+json]
2026-10-08T12:56:50.255+09:00 DEBUG 15712 --- [free-form-janken] [io-18016-exec-2] m.m.a.RequestResponseBodyMethodProcessor : Writing [StatusView[serverTime=2026-10-08T03:56:50.254163Z, userState=PLAYING, currentRoomId=2d1f5452-f934-48 (truncated)...]
2026-10-08T12:56:50.256+09:00 DEBUG 15712 --- [free-form-janken] [io-18016-exec-2] o.s.web.servlet.DispatcherServlet        : Completed 200 OK
2026-10-08T12:56:50.259+09:00 DEBUG 15712 --- [free-form-janken] [io-18016-exec-3] o.s.web.servlet.DispatcherServlet        : GET "/api/status?matchId=9b36d576-48b9-45d0-8fd1-544171c0f429", parameters={masked}
2026-10-08T12:56:50.260+09:00 DEBUG 15712 --- [free-form-janken] [io-18016-exec-3] s.w.s.m.m.a.RequestMappingHandlerMapping : Mapped to com.example.janken.controller.StatusApiController#status(String, HttpServletRequest)
2026-10-08T12:56:50.261+09:00 DEBUG 15712 --- [free-form-janken] [io-18016-exec-3] m.m.a.RequestResponseBodyMethodProcessor : Using 'application/json', given [*/*] and supported [application/json, application/*+json]
2026-10-08T12:56:50.261+09:00 DEBUG 15712 --- [free-form-janken] [io-18016-exec-3] m.m.a.RequestResponseBodyMethodProcessor : Writing [StatusView[serverTime=2026-10-08T03:56:50.260540400Z, userState=PLAYING, currentRoomId=2d1f5452-f934 (truncated)...]
2026-10-08T12:56:50.262+09:00 DEBUG 15712 --- [free-form-janken] [io-18016-exec-3] o.s.web.servlet.DispatcherServlet        : Completed 200 OK
2026-10-08T12:56:52.272+09:00 DEBUG 15712 --- [free-form-janken] [io-18016-exec-5] o.s.web.servlet.DispatcherServlet        : GET "/api/status", parameters={}
2026-10-08T12:56:52.273+09:00 DEBUG 15712 --- [free-form-janken] [io-18016-exec-5] s.w.s.m.m.a.RequestMappingHandlerMapping : Mapped to com.example.janken.controller.StatusApiController#status(String, HttpServletRequest)
2026-10-08T12:56:52.275+09:00 DEBUG 15712 --- [free-form-janken] [io-18016-exec-5] m.m.a.RequestResponseBodyMethodProcessor : Using 'application/json', given [*/*] and supported [application/json, application/*+json]
2026-10-08T12:56:52.276+09:00 DEBUG 15712 --- [free-form-janken] [io-18016-exec-5] m.m.a.RequestResponseBodyMethodProcessor : Writing [StatusView[serverTime=2026-10-08T03:56:52.274390400Z, userState=ROOM_WAITING, currentRoomId=104b4a4d (truncated)...]
2026-10-08T12:56:52.278+09:00 DEBUG 15712 --- [free-form-janken] [io-18016-exec-5] o.s.web.servlet.DispatcherServlet        : Completed 200 OK
2026-10-08T12:56:52.284+09:00 DEBUG 15712 --- [free-form-janken] [io-18016-exec-4] o.s.web.servlet.DispatcherServlet        : GET "/api/status?matchId=9b36d576-48b9-45d0-8fd1-544171c0f429", parameters={masked}
2026-10-08T12:56:52.286+09:00 DEBUG 15712 --- [free-form-janken] [io-18016-exec-4] s.w.s.m.m.a.RequestMappingHandlerMapping : Mapped to com.example.janken.controller.StatusApiController#status(String, HttpServletRequest)
2026-10-08T12:56:52.287+09:00 DEBUG 15712 --- [free-form-janken] [io-18016-exec-4] m.m.a.RequestResponseBodyMethodProcessor : Using 'application/json', given [*/*] and supported [application/json, application/*+json]
2026-10-08T12:56:52.288+09:00 DEBUG 15712 --- [free-form-janken] [io-18016-exec-4] m.m.a.RequestResponseBodyMethodProcessor : Writing [StatusView[serverTime=2026-10-08T03:56:52.287549800Z, userState=PLAYING, currentRoomId=2d1f5452-f934 (truncated)...]
2026-10-08T12:56:52.288+09:00 DEBUG 15712 --- [free-form-janken] [io-18016-exec-4] o.s.web.servlet.DispatcherServlet        : Completed 200 OK
2026-10-08T12:56:52.292+09:00 DEBUG 15712 --- [free-form-janken] [io-18016-exec-6] o.s.web.servlet.DispatcherServlet        : GET "/api/status?matchId=9b36d576-48b9-45d0-8fd1-544171c0f429", parameters={masked}
2026-10-08T12:56:52.293+09:00 DEBUG 15712 --- [free-form-janken] [io-18016-exec-6] s.w.s.m.m.a.RequestMappingHandlerMapping : Mapped to com.example.janken.controller.StatusApiController#status(String, HttpServletRequest)
2026-10-08T12:56:52.294+09:00 DEBUG 15712 --- [free-form-janken] [io-18016-exec-6] m.m.a.RequestResponseBodyMethodProcessor : Using 'application/json', given [*/*] and supported [application/json, application/*+json]
2026-10-08T12:56:52.294+09:00 DEBUG 15712 --- [free-form-janken] [io-18016-exec-6] m.m.a.RequestResponseBodyMethodProcessor : Writing [StatusView[serverTime=2026-10-08T03:56:52.293018Z, userState=PLAYING, currentRoomId=2d1f5452-f934-48 (truncated)...]
2026-10-08T12:56:52.295+09:00 DEBUG 15712 --- [free-form-janken] [io-18016-exec-6] o.s.web.servlet.DispatcherServlet        : Completed 200 OK
2026-10-08T12:56:54.310+09:00 DEBUG 15712 --- [free-form-janken] [io-18016-exec-8] o.s.web.servlet.DispatcherServlet        : GET "/api/status", parameters={}
2026-10-08T12:56:54.311+09:00 DEBUG 15712 --- [free-form-janken] [io-18016-exec-8] s.w.s.m.m.a.RequestMappingHandlerMapping : Mapped to com.example.janken.controller.StatusApiController#status(String, HttpServletRequest)
2026-10-08T12:56:54.312+09:00 DEBUG 15712 --- [free-form-janken] [io-18016-exec-8] m.m.a.RequestResponseBodyMethodProcessor : Using 'application/json', given [*/*] and supported [application/json, application/*+json]
2026-10-08T12:56:54.313+09:00 DEBUG 15712 --- [free-form-janken] [io-18016-exec-8] m.m.a.RequestResponseBodyMethodProcessor : Writing [StatusView[serverTime=2026-10-08T03:56:54.312233100Z, userState=ROOM_WAITING, currentRoomId=104b4a4d (truncated)...]
2026-10-08T12:56:54.313+09:00 DEBUG 15712 --- [free-form-janken] [io-18016-exec-8] o.s.web.servlet.DispatcherServlet        : Completed 200 OK
2026-10-08T12:56:54.317+09:00 DEBUG 15712 --- [free-form-janken] [io-18016-exec-9] o.s.web.servlet.DispatcherServlet        : GET "/api/status?matchId=9b36d576-48b9-45d0-8fd1-544171c0f429", parameters={masked}
2026-10-08T12:56:54.317+09:00 DEBUG 15712 --- [free-form-janken] [io-18016-exec-9] s.w.s.m.m.a.RequestMappingHandlerMapping : Mapped to com.example.janken.controller.StatusApiController#status(String, HttpServletRequest)
2026-10-08T12:56:54.319+09:00 DEBUG 15712 --- [free-form-janken] [io-18016-exec-9] m.m.a.RequestResponseBodyMethodProcessor : Using 'application/json', given [*/*] and supported [application/json, application/*+json]
2026-10-08T12:56:54.319+09:00 DEBUG 15712 --- [free-form-janken] [io-18016-exec-9] m.m.a.RequestResponseBodyMethodProcessor : Writing [StatusView[serverTime=2026-10-08T03:56:54.318656500Z, userState=ROOM_WAITING, currentRoomId=2d1f5452 (truncated)...]
2026-10-08T12:56:54.320+09:00 DEBUG 15712 --- [free-form-janken] [io-18016-exec-9] o.s.web.servlet.DispatcherServlet        : Completed 200 OK
2026-10-08T12:56:54.323+09:00 DEBUG 15712 --- [free-form-janken] [io-18016-exec-7] o.s.web.servlet.DispatcherServlet        : GET "/api/status?matchId=9b36d576-48b9-45d0-8fd1-544171c0f429", parameters={masked}
2026-10-08T12:56:54.324+09:00 DEBUG 15712 --- [free-form-janken] [io-18016-exec-7] s.w.s.m.m.a.RequestMappingHandlerMapping : Mapped to com.example.janken.controller.StatusApiController#status(String, HttpServletRequest)
2026-10-08T12:56:54.328+09:00 DEBUG 15712 --- [free-form-janken] [io-18016-exec-7] m.m.a.RequestResponseBodyMethodProcessor : Using 'application/json', given [*/*] and supported [application/json, application/*+json]
2026-10-08T12:56:54.329+09:00 DEBUG 15712 --- [free-form-janken] [io-18016-exec-7] m.m.a.RequestResponseBodyMethodProcessor : Writing [StatusView[serverTime=2026-10-08T03:56:54.328109400Z, userState=ROOM_WAITING, currentRoomId=2d1f5452 (truncated)...]
2026-10-08T12:56:54.329+09:00 DEBUG 15712 --- [free-form-janken] [io-18016-exec-7] o.s.web.servlet.DispatcherServlet        : Completed 200 OK
2026-10-08T12:56:56.340+09:00 DEBUG 15712 --- [free-form-janken] [o-18016-exec-10] o.s.web.servlet.DispatcherServlet        : GET "/api/status", parameters={}
2026-10-08T12:56:56.341+09:00 DEBUG 15712 --- [free-form-janken] [o-18016-exec-10] s.w.s.m.m.a.RequestMappingHandlerMapping : Mapped to com.example.janken.controller.StatusApiController#status(String, HttpServletRequest)
2026-10-08T12:56:56.342+09:00 DEBUG 15712 --- [free-form-janken] [o-18016-exec-10] m.m.a.RequestResponseBodyMethodProcessor : Using 'application/json', given [*/*] and supported [application/json, application/*+json]
2026-10-08T12:56:56.343+09:00 DEBUG 15712 --- [free-form-janken] [o-18016-exec-10] m.m.a.RequestResponseBodyMethodProcessor : Writing [StatusView[serverTime=2026-10-08T03:56:56.342097800Z, userState=ROOM_WAITING, currentRoomId=104b4a4d (truncated)...]
2026-10-08T12:56:56.343+09:00 DEBUG 15712 --- [free-form-janken] [o-18016-exec-10] o.s.web.servlet.DispatcherServlet        : Completed 200 OK
2026-10-08T12:56:56.346+09:00 DEBUG 15712 --- [free-form-janken] [io-18016-exec-1] o.s.web.servlet.DispatcherServlet        : GET "/api/status?matchId=9b36d576-48b9-45d0-8fd1-544171c0f429", parameters={masked}
2026-10-08T12:56:56.347+09:00 DEBUG 15712 --- [free-form-janken] [io-18016-exec-1] s.w.s.m.m.a.RequestMappingHandlerMapping : Mapped to com.example.janken.controller.StatusApiController#status(String, HttpServletRequest)
2026-10-08T12:56:56.349+09:00 DEBUG 15712 --- [free-form-janken] [io-18016-exec-1] m.m.a.RequestResponseBodyMethodProcessor : Using 'application/json', given [*/*] and supported [application/json, application/*+json]
2026-10-08T12:56:56.350+09:00 DEBUG 15712 --- [free-form-janken] [io-18016-exec-1] m.m.a.RequestResponseBodyMethodProcessor : Writing [StatusView[serverTime=2026-10-08T03:56:56.348110200Z, userState=ROOM_WAITING, currentRoomId=2d1f5452 (truncated)...]
2026-10-08T12:56:56.350+09:00 DEBUG 15712 --- [free-form-janken] [io-18016-exec-1] o.s.web.servlet.DispatcherServlet        : Completed 200 OK
2026-10-08T12:56:56.353+09:00 DEBUG 15712 --- [free-form-janken] [io-18016-exec-2] o.s.web.servlet.DispatcherServlet        : GET "/api/status?matchId=9b36d576-48b9-45d0-8fd1-544171c0f429", parameters={masked}
2026-10-08T12:56:56.354+09:00 DEBUG 15712 --- [free-form-janken] [io-18016-exec-2] s.w.s.m.m.a.RequestMappingHandlerMapping : Mapped to com.example.janken.controller.StatusApiController#status(String, HttpServletRequest)
2026-10-08T12:56:56.355+09:00 DEBUG 15712 --- [free-form-janken] [io-18016-exec-2] m.m.a.RequestResponseBodyMethodProcessor : Using 'application/json', given [*/*] and supported [application/json, application/*+json]
2026-10-08T12:56:56.356+09:00 DEBUG 15712 --- [free-form-janken] [io-18016-exec-2] m.m.a.RequestResponseBodyMethodProcessor : Writing [StatusView[serverTime=2026-10-08T03:56:56.355170100Z, userState=ROOM_WAITING, currentRoomId=2d1f5452 (truncated)...]
2026-10-08T12:56:56.356+09:00 DEBUG 15712 --- [free-form-janken] [io-18016-exec-2] o.s.web.servlet.DispatcherServlet        : Completed 200 OK
2026-10-08T12:56:58.371+09:00 DEBUG 15712 --- [free-form-janken] [io-18016-exec-3] o.s.web.servlet.DispatcherServlet        : GET "/api/status", parameters={}
2026-10-08T12:56:58.373+09:00 DEBUG 15712 --- [free-form-janken] [io-18016-exec-3] s.w.s.m.m.a.RequestMappingHandlerMapping : Mapped to com.example.janken.controller.StatusApiController#status(String, HttpServletRequest)
2026-10-08T12:56:58.376+09:00 DEBUG 15712 --- [free-form-janken] [io-18016-exec-3] m.m.a.RequestResponseBodyMethodProcessor : Using 'application/json', given [*/*] and supported [application/json, application/*+json]
2026-10-08T12:56:58.377+09:00 DEBUG 15712 --- [free-form-janken] [io-18016-exec-3] m.m.a.RequestResponseBodyMethodProcessor : Writing [StatusView[serverTime=2026-10-08T03:56:58.375660300Z, userState=ROOM_WAITING, currentRoomId=104b4a4d (truncated)...]
2026-10-08T12:56:58.378+09:00 DEBUG 15712 --- [free-form-janken] [io-18016-exec-3] o.s.web.servlet.DispatcherServlet        : Completed 200 OK
2026-10-08T12:56:58.383+09:00 DEBUG 15712 --- [free-form-janken] [io-18016-exec-5] o.s.web.servlet.DispatcherServlet        : GET "/api/status?matchId=9b36d576-48b9-45d0-8fd1-544171c0f429", parameters={masked}
2026-10-08T12:56:58.384+09:00 DEBUG 15712 --- [free-form-janken] [io-18016-exec-5] s.w.s.m.m.a.RequestMappingHandlerMapping : Mapped to com.example.janken.controller.StatusApiController#status(String, HttpServletRequest)
2026-10-08T12:56:58.386+09:00 DEBUG 15712 --- [free-form-janken] [io-18016-exec-5] m.m.a.RequestResponseBodyMethodProcessor : Using 'application/json', given [*/*] and supported [application/json, application/*+json]
2026-10-08T12:56:58.387+09:00 DEBUG 15712 --- [free-form-janken] [io-18016-exec-5] m.m.a.RequestResponseBodyMethodProcessor : Writing [StatusView[serverTime=2026-10-08T03:56:58.385560700Z, userState=ROOM_WAITING, currentRoomId=2d1f5452 (truncated)...]
2026-10-08T12:56:58.388+09:00 DEBUG 15712 --- [free-form-janken] [io-18016-exec-5] o.s.web.servlet.DispatcherServlet        : Completed 200 OK
2026-10-08T12:56:58.393+09:00 DEBUG 15712 --- [free-form-janken] [io-18016-exec-4] o.s.web.servlet.DispatcherServlet        : GET "/api/status?matchId=9b36d576-48b9-45d0-8fd1-544171c0f429", parameters={masked}
2026-10-08T12:56:58.394+09:00 DEBUG 15712 --- [free-form-janken] [io-18016-exec-4] s.w.s.m.m.a.RequestMappingHandlerMapping : Mapped to com.example.janken.controller.StatusApiController#status(String, HttpServletRequest)
2026-10-08T12:56:58.395+09:00 DEBUG 15712 --- [free-form-janken] [io-18016-exec-4] m.m.a.RequestResponseBodyMethodProcessor : Using 'application/json', given [*/*] and supported [application/json, application/*+json]
2026-10-08T12:56:58.396+09:00 DEBUG 15712 --- [free-form-janken] [io-18016-exec-4] m.m.a.RequestResponseBodyMethodProcessor : Writing [StatusView[serverTime=2026-10-08T03:56:58.395548200Z, userState=ROOM_WAITING, currentRoomId=2d1f5452 (truncated)...]
2026-10-08T12:56:58.397+09:00 DEBUG 15712 --- [free-form-janken] [io-18016-exec-4] o.s.web.servlet.DispatcherServlet        : Completed 200 OK
2026-10-08T12:57:00.411+09:00 DEBUG 15712 --- [free-form-janken] [io-18016-exec-6] o.s.web.servlet.DispatcherServlet        : GET "/api/status", parameters={}
2026-10-08T12:57:00.412+09:00 DEBUG 15712 --- [free-form-janken] [io-18016-exec-6] s.w.s.m.m.a.RequestMappingHandlerMapping : Mapped to com.example.janken.controller.StatusApiController#status(String, HttpServletRequest)
2026-10-08T12:57:00.415+09:00 DEBUG 15712 --- [free-form-janken] [io-18016-exec-6] m.m.a.RequestResponseBodyMethodProcessor : Using 'application/json', given [*/*] and supported [application/json, application/*+json]
2026-10-08T12:57:00.415+09:00 DEBUG 15712 --- [free-form-janken] [io-18016-exec-6] m.m.a.RequestResponseBodyMethodProcessor : Writing [StatusView[serverTime=2026-10-08T03:57:00.414335500Z, userState=ROOM_WAITING, currentRoomId=104b4a4d (truncated)...]
2026-10-08T12:57:00.417+09:00 DEBUG 15712 --- [free-form-janken] [io-18016-exec-6] o.s.web.servlet.DispatcherServlet        : Completed 200 OK
2026-10-08T12:57:00.421+09:00 DEBUG 15712 --- [free-form-janken] [io-18016-exec-8] o.s.web.servlet.DispatcherServlet        : GET "/api/status?matchId=9b36d576-48b9-45d0-8fd1-544171c0f429", parameters={masked}
2026-10-08T12:57:00.422+09:00 DEBUG 15712 --- [free-form-janken] [io-18016-exec-8] s.w.s.m.m.a.RequestMappingHandlerMapping : Mapped to com.example.janken.controller.StatusApiController#status(String, HttpServletRequest)
2026-10-08T12:57:00.425+09:00 DEBUG 15712 --- [free-form-janken] [io-18016-exec-8] m.m.a.RequestResponseBodyMethodProcessor : Using 'application/json', given [*/*] and supported [application/json, application/*+json]
2026-10-08T12:57:00.427+09:00 DEBUG 15712 --- [free-form-janken] [io-18016-exec-8] m.m.a.RequestResponseBodyMethodProcessor : Writing [StatusView[serverTime=2026-10-08T03:57:00.424881700Z, userState=ROOM_WAITING, currentRoomId=2d1f5452 (truncated)...]
2026-10-08T12:57:00.427+09:00 DEBUG 15712 --- [free-form-janken] [io-18016-exec-8] o.s.web.servlet.DispatcherServlet        : Completed 200 OK
2026-10-08T12:57:00.431+09:00 DEBUG 15712 --- [free-form-janken] [io-18016-exec-9] o.s.web.servlet.DispatcherServlet        : GET "/api/status?matchId=9b36d576-48b9-45d0-8fd1-544171c0f429", parameters={masked}
2026-10-08T12:57:00.431+09:00 DEBUG 15712 --- [free-form-janken] [io-18016-exec-9] s.w.s.m.m.a.RequestMappingHandlerMapping : Mapped to com.example.janken.controller.StatusApiController#status(String, HttpServletRequest)
2026-10-08T12:57:00.433+09:00 DEBUG 15712 --- [free-form-janken] [io-18016-exec-9] m.m.a.RequestResponseBodyMethodProcessor : Using 'application/json', given [*/*] and supported [application/json, application/*+json]
2026-10-08T12:57:00.434+09:00 DEBUG 15712 --- [free-form-janken] [io-18016-exec-9] m.m.a.RequestResponseBodyMethodProcessor : Writing [StatusView[serverTime=2026-10-08T03:57:00.433462200Z, userState=ROOM_WAITING, currentRoomId=2d1f5452 (truncated)...]
2026-10-08T12:57:00.434+09:00 DEBUG 15712 --- [free-form-janken] [io-18016-exec-9] o.s.web.servlet.DispatcherServlet        : Completed 200 OK
2026-10-08T12:57:02.444+09:00 DEBUG 15712 --- [free-form-janken] [io-18016-exec-7] o.s.web.servlet.DispatcherServlet        : GET "/api/status", parameters={}
2026-10-08T12:57:02.445+09:00 DEBUG 15712 --- [free-form-janken] [io-18016-exec-7] s.w.s.m.m.a.RequestMappingHandlerMapping : Mapped to com.example.janken.controller.StatusApiController#status(String, HttpServletRequest)
2026-10-08T12:57:02.447+09:00 DEBUG 15712 --- [free-form-janken] [io-18016-exec-7] m.m.a.RequestResponseBodyMethodProcessor : Using 'application/json', given [*/*] and supported [application/json, application/*+json]
2026-10-08T12:57:02.448+09:00 DEBUG 15712 --- [free-form-janken] [io-18016-exec-7] m.m.a.RequestResponseBodyMethodProcessor : Writing [StatusView[serverTime=2026-10-08T03:57:02.447714400Z, userState=ROOM_WAITING, currentRoomId=104b4a4d (truncated)...]
2026-10-08T12:57:02.451+09:00 DEBUG 15712 --- [free-form-janken] [io-18016-exec-7] o.s.web.servlet.DispatcherServlet        : Completed 200 OK
2026-10-08T12:57:02.456+09:00 DEBUG 15712 --- [free-form-janken] [o-18016-exec-10] o.s.web.servlet.DispatcherServlet        : GET "/api/status?matchId=9b36d576-48b9-45d0-8fd1-544171c0f429", parameters={masked}
2026-10-08T12:57:02.457+09:00 DEBUG 15712 --- [free-form-janken] [o-18016-exec-10] s.w.s.m.m.a.RequestMappingHandlerMapping : Mapped to com.example.janken.controller.StatusApiController#status(String, HttpServletRequest)
2026-10-08T12:57:02.459+09:00 DEBUG 15712 --- [free-form-janken] [o-18016-exec-10] m.m.a.RequestResponseBodyMethodProcessor : Using 'application/json', given [*/*] and supported [application/json, application/*+json]
2026-10-08T12:57:02.460+09:00 DEBUG 15712 --- [free-form-janken] [o-18016-exec-10] m.m.a.RequestResponseBodyMethodProcessor : Writing [StatusView[serverTime=2026-10-08T03:57:02.458729600Z, userState=ROOM_WAITING, currentRoomId=2d1f5452 (truncated)...]
2026-10-08T12:57:02.461+09:00 DEBUG 15712 --- [free-form-janken] [o-18016-exec-10] o.s.web.servlet.DispatcherServlet        : Completed 200 OK
2026-10-08T12:57:02.464+09:00 DEBUG 15712 --- [free-form-janken] [io-18016-exec-1] o.s.web.servlet.DispatcherServlet        : GET "/api/status?matchId=9b36d576-48b9-45d0-8fd1-544171c0f429", parameters={masked}
2026-10-08T12:57:02.465+09:00 DEBUG 15712 --- [free-form-janken] [io-18016-exec-1] s.w.s.m.m.a.RequestMappingHandlerMapping : Mapped to com.example.janken.controller.StatusApiController#status(String, HttpServletRequest)
2026-10-08T12:57:02.467+09:00 DEBUG 15712 --- [free-form-janken] [io-18016-exec-1] m.m.a.RequestResponseBodyMethodProcessor : Using 'application/json', given [*/*] and supported [application/json, application/*+json]
2026-10-08T12:57:02.468+09:00 DEBUG 15712 --- [free-form-janken] [io-18016-exec-1] m.m.a.RequestResponseBodyMethodProcessor : Writing [StatusView[serverTime=2026-10-08T03:57:02.467730300Z, userState=ROOM_WAITING, currentRoomId=2d1f5452 (truncated)...]
2026-10-08T12:57:02.469+09:00 DEBUG 15712 --- [free-form-janken] [io-18016-exec-1] o.s.web.servlet.DispatcherServlet        : Completed 200 OK
2026-10-08T12:57:04.477+09:00 DEBUG 15712 --- [free-form-janken] [io-18016-exec-2] o.s.web.servlet.DispatcherServlet        : GET "/api/status", parameters={}
2026-10-08T12:57:04.478+09:00 DEBUG 15712 --- [free-form-janken] [io-18016-exec-2] s.w.s.m.m.a.RequestMappingHandlerMapping : Mapped to com.example.janken.controller.StatusApiController#status(String, HttpServletRequest)
2026-10-08T12:57:04.479+09:00 DEBUG 15712 --- [free-form-janken] [io-18016-exec-2] m.m.a.RequestResponseBodyMethodProcessor : Using 'application/json', given [*/*] and supported [application/json, application/*+json]
2026-10-08T12:57:04.479+09:00 DEBUG 15712 --- [free-form-janken] [io-18016-exec-2] m.m.a.RequestResponseBodyMethodProcessor : Writing [StatusView[serverTime=2026-10-08T03:57:04.478659400Z, userState=ROOM_WAITING, currentRoomId=104b4a4d (truncated)...]
2026-10-08T12:57:04.480+09:00 DEBUG 15712 --- [free-form-janken] [io-18016-exec-2] o.s.web.servlet.DispatcherServlet        : Completed 200 OK
2026-10-08T12:57:04.483+09:00 DEBUG 15712 --- [free-form-janken] [io-18016-exec-3] o.s.web.servlet.DispatcherServlet        : GET "/api/status?matchId=9b36d576-48b9-45d0-8fd1-544171c0f429", parameters={masked}
2026-10-08T12:57:04.484+09:00 DEBUG 15712 --- [free-form-janken] [io-18016-exec-3] s.w.s.m.m.a.RequestMappingHandlerMapping : Mapped to com.example.janken.controller.StatusApiController#status(String, HttpServletRequest)
2026-10-08T12:57:04.484+09:00 DEBUG 15712 --- [free-form-janken] [io-18016-exec-3] m.m.a.RequestResponseBodyMethodProcessor : Using 'application/json', given [*/*] and supported [application/json, application/*+json]
2026-10-08T12:57:04.486+09:00 DEBUG 15712 --- [free-form-janken] [io-18016-exec-3] m.m.a.RequestResponseBodyMethodProcessor : Writing [StatusView[serverTime=2026-10-08T03:57:04.484746Z, userState=ROOM_WAITING, currentRoomId=2d1f5452-f9 (truncated)...]
2026-10-08T12:57:04.486+09:00 DEBUG 15712 --- [free-form-janken] [io-18016-exec-3] o.s.web.servlet.DispatcherServlet        : Completed 200 OK
2026-10-08T12:57:04.489+09:00 DEBUG 15712 --- [free-form-janken] [io-18016-exec-5] o.s.web.servlet.DispatcherServlet        : GET "/api/status?matchId=9b36d576-48b9-45d0-8fd1-544171c0f429", parameters={masked}
2026-10-08T12:57:04.490+09:00 DEBUG 15712 --- [free-form-janken] [io-18016-exec-5] s.w.s.m.m.a.RequestMappingHandlerMapping : Mapped to com.example.janken.controller.StatusApiController#status(String, HttpServletRequest)
2026-10-08T12:57:04.490+09:00 DEBUG 15712 --- [free-form-janken] [io-18016-exec-5] m.m.a.RequestResponseBodyMethodProcessor : Using 'application/json', given [*/*] and supported [application/json, application/*+json]
2026-10-08T12:57:04.491+09:00 DEBUG 15712 --- [free-form-janken] [io-18016-exec-5] m.m.a.RequestResponseBodyMethodProcessor : Writing [StatusView[serverTime=2026-10-08T03:57:04.490373Z, userState=ROOM_WAITING, currentRoomId=2d1f5452-f9 (truncated)...]
2026-10-08T12:57:04.493+09:00 DEBUG 15712 --- [free-form-janken] [io-18016-exec-5] o.s.web.servlet.DispatcherServlet        : Completed 200 OK
2026-10-08T12:57:06.503+09:00 DEBUG 15712 --- [free-form-janken] [io-18016-exec-4] o.s.web.servlet.DispatcherServlet        : GET "/api/status", parameters={}
2026-10-08T12:57:06.504+09:00 DEBUG 15712 --- [free-form-janken] [io-18016-exec-4] s.w.s.m.m.a.RequestMappingHandlerMapping : Mapped to com.example.janken.controller.StatusApiController#status(String, HttpServletRequest)
2026-10-08T12:57:06.506+09:00 DEBUG 15712 --- [free-form-janken] [io-18016-exec-4] m.m.a.RequestResponseBodyMethodProcessor : Using 'application/json', given [*/*] and supported [application/json, application/*+json]
2026-10-08T12:57:06.507+09:00 DEBUG 15712 --- [free-form-janken] [io-18016-exec-4] m.m.a.RequestResponseBodyMethodProcessor : Writing [StatusView[serverTime=2026-10-08T03:57:06.506082500Z, userState=ROOM_WAITING, currentRoomId=104b4a4d (truncated)...]
2026-10-08T12:57:06.509+09:00 DEBUG 15712 --- [free-form-janken] [io-18016-exec-4] o.s.web.servlet.DispatcherServlet        : Completed 200 OK
2026-10-08T12:57:06.513+09:00 DEBUG 15712 --- [free-form-janken] [io-18016-exec-6] o.s.web.servlet.DispatcherServlet        : GET "/api/status?matchId=9b36d576-48b9-45d0-8fd1-544171c0f429", parameters={masked}
2026-10-08T12:57:06.514+09:00 DEBUG 15712 --- [free-form-janken] [io-18016-exec-6] s.w.s.m.m.a.RequestMappingHandlerMapping : Mapped to com.example.janken.controller.StatusApiController#status(String, HttpServletRequest)
2026-10-08T12:57:06.515+09:00 DEBUG 15712 --- [free-form-janken] [io-18016-exec-6] m.m.a.RequestResponseBodyMethodProcessor : Using 'application/json', given [*/*] and supported [application/json, application/*+json]
2026-10-08T12:57:06.516+09:00 DEBUG 15712 --- [free-form-janken] [io-18016-exec-6] m.m.a.RequestResponseBodyMethodProcessor : Writing [StatusView[serverTime=2026-10-08T03:57:06.515198Z, userState=ROOM_WAITING, currentRoomId=2d1f5452-f9 (truncated)...]
2026-10-08T12:57:06.517+09:00 DEBUG 15712 --- [free-form-janken] [io-18016-exec-6] o.s.web.servlet.DispatcherServlet        : Completed 200 OK
2026-10-08T12:57:06.522+09:00 DEBUG 15712 --- [free-form-janken] [io-18016-exec-8] o.s.web.servlet.DispatcherServlet        : GET "/api/status?matchId=9b36d576-48b9-45d0-8fd1-544171c0f429", parameters={masked}
2026-10-08T12:57:06.524+09:00 DEBUG 15712 --- [free-form-janken] [io-18016-exec-8] s.w.s.m.m.a.RequestMappingHandlerMapping : Mapped to com.example.janken.controller.StatusApiController#status(String, HttpServletRequest)
2026-10-08T12:57:06.525+09:00 DEBUG 15712 --- [free-form-janken] [io-18016-exec-8] m.m.a.RequestResponseBodyMethodProcessor : Using 'application/json', given [*/*] and supported [application/json, application/*+json]
2026-10-08T12:57:06.526+09:00 DEBUG 15712 --- [free-form-janken] [io-18016-exec-8] m.m.a.RequestResponseBodyMethodProcessor : Writing [StatusView[serverTime=2026-10-08T03:57:06.525104300Z, userState=ROOM_WAITING, currentRoomId=2d1f5452 (truncated)...]
2026-10-08T12:57:06.527+09:00 DEBUG 15712 --- [free-form-janken] [io-18016-exec-8] o.s.web.servlet.DispatcherServlet        : Completed 200 OK
2026-10-08T12:57:08.538+09:00 DEBUG 15712 --- [free-form-janken] [io-18016-exec-9] o.s.web.servlet.DispatcherServlet        : GET "/api/status", parameters={}
2026-10-08T12:57:08.539+09:00 DEBUG 15712 --- [free-form-janken] [io-18016-exec-9] s.w.s.m.m.a.RequestMappingHandlerMapping : Mapped to com.example.janken.controller.StatusApiController#status(String, HttpServletRequest)
2026-10-08T12:57:08.540+09:00 DEBUG 15712 --- [free-form-janken] [io-18016-exec-9] m.m.a.RequestResponseBodyMethodProcessor : Using 'application/json', given [*/*] and supported [application/json, application/*+json]
2026-10-08T12:57:08.541+09:00 DEBUG 15712 --- [free-form-janken] [io-18016-exec-9] m.m.a.RequestResponseBodyMethodProcessor : Writing [StatusView[serverTime=2026-10-08T03:57:08.540128100Z, userState=ROOM_WAITING, currentRoomId=104b4a4d (truncated)...]
2026-10-08T12:57:08.542+09:00 DEBUG 15712 --- [free-form-janken] [io-18016-exec-9] o.s.web.servlet.DispatcherServlet        : Completed 200 OK
2026-10-08T12:57:08.545+09:00 DEBUG 15712 --- [free-form-janken] [io-18016-exec-7] o.s.web.servlet.DispatcherServlet        : GET "/api/status?matchId=9b36d576-48b9-45d0-8fd1-544171c0f429", parameters={masked}
2026-10-08T12:57:08.546+09:00 DEBUG 15712 --- [free-form-janken] [io-18016-exec-7] s.w.s.m.m.a.RequestMappingHandlerMapping : Mapped to com.example.janken.controller.StatusApiController#status(String, HttpServletRequest)
2026-10-08T12:57:08.549+09:00 DEBUG 15712 --- [free-form-janken] [io-18016-exec-7] m.m.a.RequestResponseBodyMethodProcessor : Using 'application/json', given [*/*] and supported [application/json, application/*+json]
2026-10-08T12:57:08.550+09:00 DEBUG 15712 --- [free-form-janken] [io-18016-exec-7] m.m.a.RequestResponseBodyMethodProcessor : Writing [StatusView[serverTime=2026-10-08T03:57:08.549669400Z, userState=ROOM_WAITING, currentRoomId=2d1f5452 (truncated)...]
2026-10-08T12:57:08.551+09:00 DEBUG 15712 --- [free-form-janken] [io-18016-exec-7] o.s.web.servlet.DispatcherServlet        : Completed 200 OK
2026-10-08T12:57:08.554+09:00 DEBUG 15712 --- [free-form-janken] [o-18016-exec-10] o.s.web.servlet.DispatcherServlet        : GET "/api/status?matchId=9b36d576-48b9-45d0-8fd1-544171c0f429", parameters={masked}
2026-10-08T12:57:08.555+09:00 DEBUG 15712 --- [free-form-janken] [o-18016-exec-10] s.w.s.m.m.a.RequestMappingHandlerMapping : Mapped to com.example.janken.controller.StatusApiController#status(String, HttpServletRequest)
2026-10-08T12:57:08.555+09:00 DEBUG 15712 --- [free-form-janken] [o-18016-exec-10] m.m.a.RequestResponseBodyMethodProcessor : Using 'application/json', given [*/*] and supported [application/json, application/*+json]
2026-10-08T12:57:08.556+09:00 DEBUG 15712 --- [free-form-janken] [o-18016-exec-10] m.m.a.RequestResponseBodyMethodProcessor : Writing [StatusView[serverTime=2026-10-08T03:57:08.555619700Z, userState=ROOM_WAITING, currentRoomId=2d1f5452 (truncated)...]
2026-10-08T12:57:08.556+09:00 DEBUG 15712 --- [free-form-janken] [o-18016-exec-10] o.s.web.servlet.DispatcherServlet        : Completed 200 OK
2026-10-08T12:57:10.563+09:00 DEBUG 15712 --- [free-form-janken] [io-18016-exec-1] o.s.web.servlet.DispatcherServlet        : GET "/api/status", parameters={}
2026-10-08T12:57:10.564+09:00 DEBUG 15712 --- [free-form-janken] [io-18016-exec-1] s.w.s.m.m.a.RequestMappingHandlerMapping : Mapped to com.example.janken.controller.StatusApiController#status(String, HttpServletRequest)
2026-10-08T12:57:10.565+09:00 DEBUG 15712 --- [free-form-janken] [io-18016-exec-1] m.m.a.RequestResponseBodyMethodProcessor : Using 'application/json', given [*/*] and supported [application/json, application/*+json]
2026-10-08T12:57:10.566+09:00 DEBUG 15712 --- [free-form-janken] [io-18016-exec-1] m.m.a.RequestResponseBodyMethodProcessor : Writing [StatusView[serverTime=2026-10-08T03:57:10.565095Z, userState=ROOM_WAITING, currentRoomId=104b4a4d-3a (truncated)...]
2026-10-08T12:57:10.567+09:00 DEBUG 15712 --- [free-form-janken] [io-18016-exec-1] o.s.web.servlet.DispatcherServlet        : Completed 200 OK
2026-10-08T12:57:10.570+09:00 DEBUG 15712 --- [free-form-janken] [io-18016-exec-2] o.s.web.servlet.DispatcherServlet        : GET "/api/status?matchId=9b36d576-48b9-45d0-8fd1-544171c0f429", parameters={masked}
2026-10-08T12:57:10.570+09:00 DEBUG 15712 --- [free-form-janken] [io-18016-exec-2] s.w.s.m.m.a.RequestMappingHandlerMapping : Mapped to com.example.janken.controller.StatusApiController#status(String, HttpServletRequest)
2026-10-08T12:57:10.571+09:00 DEBUG 15712 --- [free-form-janken] [io-18016-exec-2] m.m.a.RequestResponseBodyMethodProcessor : Using 'application/json', given [*/*] and supported [application/json, application/*+json]
2026-10-08T12:57:10.571+09:00 DEBUG 15712 --- [free-form-janken] [io-18016-exec-2] m.m.a.RequestResponseBodyMethodProcessor : Writing [StatusView[serverTime=2026-10-08T03:57:10.571046600Z, userState=ROOM_WAITING, currentRoomId=2d1f5452 (truncated)...]
2026-10-08T12:57:10.572+09:00 DEBUG 15712 --- [free-form-janken] [io-18016-exec-2] o.s.web.servlet.DispatcherServlet        : Completed 200 OK
2026-10-08T12:57:10.574+09:00 DEBUG 15712 --- [free-form-janken] [io-18016-exec-3] o.s.web.servlet.DispatcherServlet        : GET "/api/status?matchId=9b36d576-48b9-45d0-8fd1-544171c0f429", parameters={masked}
2026-10-08T12:57:10.574+09:00 DEBUG 15712 --- [free-form-janken] [io-18016-exec-3] s.w.s.m.m.a.RequestMappingHandlerMapping : Mapped to com.example.janken.controller.StatusApiController#status(String, HttpServletRequest)
2026-10-08T12:57:10.575+09:00 DEBUG 15712 --- [free-form-janken] [io-18016-exec-3] m.m.a.RequestResponseBodyMethodProcessor : Using 'application/json', given [*/*] and supported [application/json, application/*+json]
2026-10-08T12:57:10.575+09:00 DEBUG 15712 --- [free-form-janken] [io-18016-exec-3] m.m.a.RequestResponseBodyMethodProcessor : Writing [StatusView[serverTime=2026-10-08T03:57:10.575062400Z, userState=ROOM_WAITING, currentRoomId=2d1f5452 (truncated)...]
2026-10-08T12:57:10.576+09:00 DEBUG 15712 --- [free-form-janken] [io-18016-exec-3] o.s.web.servlet.DispatcherServlet        : Completed 200 OK
2026-10-08T12:57:12.583+09:00 DEBUG 15712 --- [free-form-janken] [io-18016-exec-5] o.s.web.servlet.DispatcherServlet        : GET "/api/status", parameters={}
2026-10-08T12:57:12.584+09:00 DEBUG 15712 --- [free-form-janken] [io-18016-exec-5] s.w.s.m.m.a.RequestMappingHandlerMapping : Mapped to com.example.janken.controller.StatusApiController#status(String, HttpServletRequest)
2026-10-08T12:57:12.586+09:00 DEBUG 15712 --- [free-form-janken] [io-18016-exec-5] m.m.a.RequestResponseBodyMethodProcessor : Using 'application/json', given [*/*] and supported [application/json, application/*+json]
2026-10-08T12:57:12.587+09:00 DEBUG 15712 --- [free-form-janken] [io-18016-exec-5] m.m.a.RequestResponseBodyMethodProcessor : Writing [StatusView[serverTime=2026-10-08T03:57:12.585288400Z, userState=ROOM_WAITING, currentRoomId=104b4a4d (truncated)...]
2026-10-08T12:57:12.588+09:00 DEBUG 15712 --- [free-form-janken] [io-18016-exec-5] o.s.web.servlet.DispatcherServlet        : Completed 200 OK
2026-10-08T12:57:12.592+09:00 DEBUG 15712 --- [free-form-janken] [io-18016-exec-4] o.s.web.servlet.DispatcherServlet        : GET "/api/status?matchId=9b36d576-48b9-45d0-8fd1-544171c0f429", parameters={masked}
2026-10-08T12:57:12.594+09:00 DEBUG 15712 --- [free-form-janken] [io-18016-exec-4] s.w.s.m.m.a.RequestMappingHandlerMapping : Mapped to com.example.janken.controller.StatusApiController#status(String, HttpServletRequest)
2026-10-08T12:57:12.595+09:00 DEBUG 15712 --- [free-form-janken] [io-18016-exec-4] m.m.a.RequestResponseBodyMethodProcessor : Using 'application/json', given [*/*] and supported [application/json, application/*+json]
2026-10-08T12:57:12.596+09:00 DEBUG 15712 --- [free-form-janken] [io-18016-exec-4] m.m.a.RequestResponseBodyMethodProcessor : Writing [StatusView[serverTime=2026-10-08T03:57:12.595006800Z, userState=ROOM_WAITING, currentRoomId=2d1f5452 (truncated)...]
2026-10-08T12:57:12.597+09:00 DEBUG 15712 --- [free-form-janken] [io-18016-exec-4] o.s.web.servlet.DispatcherServlet        : Completed 200 OK
2026-10-08T12:57:12.600+09:00 DEBUG 15712 --- [free-form-janken] [io-18016-exec-6] o.s.web.servlet.DispatcherServlet        : GET "/api/status?matchId=9b36d576-48b9-45d0-8fd1-544171c0f429", parameters={masked}
2026-10-08T12:57:12.601+09:00 DEBUG 15712 --- [free-form-janken] [io-18016-exec-6] s.w.s.m.m.a.RequestMappingHandlerMapping : Mapped to com.example.janken.controller.StatusApiController#status(String, HttpServletRequest)
2026-10-08T12:57:12.602+09:00 DEBUG 15712 --- [free-form-janken] [io-18016-exec-6] m.m.a.RequestResponseBodyMethodProcessor : Using 'application/json', given [*/*] and supported [application/json, application/*+json]
2026-10-08T12:57:12.603+09:00 DEBUG 15712 --- [free-form-janken] [io-18016-exec-6] m.m.a.RequestResponseBodyMethodProcessor : Writing [StatusView[serverTime=2026-10-08T03:57:12.602813600Z, userState=ROOM_WAITING, currentRoomId=2d1f5452 (truncated)...]
2026-10-08T12:57:12.604+09:00 DEBUG 15712 --- [free-form-janken] [io-18016-exec-6] o.s.web.servlet.DispatcherServlet        : Completed 200 OK
2026-10-08T12:57:14.615+09:00 DEBUG 15712 --- [free-form-janken] [io-18016-exec-8] o.s.web.servlet.DispatcherServlet        : GET "/api/status", parameters={}
2026-10-08T12:57:14.616+09:00 DEBUG 15712 --- [free-form-janken] [io-18016-exec-8] s.w.s.m.m.a.RequestMappingHandlerMapping : Mapped to com.example.janken.controller.StatusApiController#status(String, HttpServletRequest)
2026-10-08T12:57:14.617+09:00 DEBUG 15712 --- [free-form-janken] [io-18016-exec-8] m.m.a.RequestResponseBodyMethodProcessor : Using 'application/json', given [*/*] and supported [application/json, application/*+json]
2026-10-08T12:57:14.618+09:00 DEBUG 15712 --- [free-form-janken] [io-18016-exec-8] m.m.a.RequestResponseBodyMethodProcessor : Writing [StatusView[serverTime=2026-10-08T03:57:14.617259300Z, userState=ROOM_WAITING, currentRoomId=104b4a4d (truncated)...]
2026-10-08T12:57:14.619+09:00 DEBUG 15712 --- [free-form-janken] [io-18016-exec-8] o.s.web.servlet.DispatcherServlet        : Completed 200 OK
2026-10-08T12:57:14.621+09:00 DEBUG 15712 --- [free-form-janken] [io-18016-exec-9] o.s.web.servlet.DispatcherServlet        : GET "/api/status?matchId=9b36d576-48b9-45d0-8fd1-544171c0f429", parameters={masked}
2026-10-08T12:57:14.622+09:00 DEBUG 15712 --- [free-form-janken] [io-18016-exec-9] s.w.s.m.m.a.RequestMappingHandlerMapping : Mapped to com.example.janken.controller.StatusApiController#status(String, HttpServletRequest)
2026-10-08T12:57:14.623+09:00 DEBUG 15712 --- [free-form-janken] [io-18016-exec-9] m.m.a.RequestResponseBodyMethodProcessor : Using 'application/json', given [*/*] and supported [application/json, application/*+json]
2026-10-08T12:57:14.624+09:00 DEBUG 15712 --- [free-form-janken] [io-18016-exec-9] m.m.a.RequestResponseBodyMethodProcessor : Writing [StatusView[serverTime=2026-10-08T03:57:14.623283100Z, userState=ROOM_WAITING, currentRoomId=2d1f5452 (truncated)...]
2026-10-08T12:57:14.625+09:00 DEBUG 15712 --- [free-form-janken] [io-18016-exec-9] o.s.web.servlet.DispatcherServlet        : Completed 200 OK
2026-10-08T12:57:14.627+09:00 DEBUG 15712 --- [free-form-janken] [io-18016-exec-7] o.s.web.servlet.DispatcherServlet        : GET "/api/status?matchId=9b36d576-48b9-45d0-8fd1-544171c0f429", parameters={masked}
2026-10-08T12:57:14.628+09:00 DEBUG 15712 --- [free-form-janken] [io-18016-exec-7] s.w.s.m.m.a.RequestMappingHandlerMapping : Mapped to com.example.janken.controller.StatusApiController#status(String, HttpServletRequest)
2026-10-08T12:57:14.630+09:00 DEBUG 15712 --- [free-form-janken] [io-18016-exec-7] m.m.a.RequestResponseBodyMethodProcessor : Using 'application/json', given [*/*] and supported [application/json, application/*+json]
2026-10-08T12:57:14.630+09:00 DEBUG 15712 --- [free-form-janken] [io-18016-exec-7] m.m.a.RequestResponseBodyMethodProcessor : Writing [StatusView[serverTime=2026-10-08T03:57:14.629261300Z, userState=ROOM_WAITING, currentRoomId=2d1f5452 (truncated)...]
2026-10-08T12:57:14.632+09:00 DEBUG 15712 --- [free-form-janken] [io-18016-exec-7] o.s.web.servlet.DispatcherServlet        : Completed 200 OK
2026-10-08T12:57:16.642+09:00 DEBUG 15712 --- [free-form-janken] [o-18016-exec-10] o.s.web.servlet.DispatcherServlet        : GET "/api/status", parameters={}
2026-10-08T12:57:16.643+09:00 DEBUG 15712 --- [free-form-janken] [o-18016-exec-10] s.w.s.m.m.a.RequestMappingHandlerMapping : Mapped to com.example.janken.controller.StatusApiController#status(String, HttpServletRequest)
2026-10-08T12:57:16.644+09:00 DEBUG 15712 --- [free-form-janken] [o-18016-exec-10] m.m.a.RequestResponseBodyMethodProcessor : Using 'application/json', given [*/*] and supported [application/json, application/*+json]
2026-10-08T12:57:16.645+09:00 DEBUG 15712 --- [free-form-janken] [o-18016-exec-10] m.m.a.RequestResponseBodyMethodProcessor : Writing [StatusView[serverTime=2026-10-08T03:57:16.644613200Z, userState=ROOM_WAITING, currentRoomId=104b4a4d (truncated)...]
2026-10-08T12:57:16.646+09:00 DEBUG 15712 --- [free-form-janken] [o-18016-exec-10] o.s.web.servlet.DispatcherServlet        : Completed 200 OK
2026-10-08T12:57:16.651+09:00 DEBUG 15712 --- [free-form-janken] [io-18016-exec-1] o.s.web.servlet.DispatcherServlet        : GET "/api/status?matchId=9b36d576-48b9-45d0-8fd1-544171c0f429", parameters={masked}
2026-10-08T12:57:16.652+09:00 DEBUG 15712 --- [free-form-janken] [io-18016-exec-1] s.w.s.m.m.a.RequestMappingHandlerMapping : Mapped to com.example.janken.controller.StatusApiController#status(String, HttpServletRequest)
2026-10-08T12:57:16.654+09:00 DEBUG 15712 --- [free-form-janken] [io-18016-exec-1] m.m.a.RequestResponseBodyMethodProcessor : Using 'application/json', given [*/*] and supported [application/json, application/*+json]
2026-10-08T12:57:16.655+09:00 DEBUG 15712 --- [free-form-janken] [io-18016-exec-1] m.m.a.RequestResponseBodyMethodProcessor : Writing [StatusView[serverTime=2026-10-08T03:57:16.653605100Z, userState=ROOM_WAITING, currentRoomId=2d1f5452 (truncated)...]
2026-10-08T12:57:16.656+09:00 DEBUG 15712 --- [free-form-janken] [io-18016-exec-1] o.s.web.servlet.DispatcherServlet        : Completed 200 OK
2026-10-08T12:57:16.660+09:00 DEBUG 15712 --- [free-form-janken] [io-18016-exec-2] o.s.web.servlet.DispatcherServlet        : GET "/api/status?matchId=9b36d576-48b9-45d0-8fd1-544171c0f429", parameters={masked}
2026-10-08T12:57:16.661+09:00 DEBUG 15712 --- [free-form-janken] [io-18016-exec-2] s.w.s.m.m.a.RequestMappingHandlerMapping : Mapped to com.example.janken.controller.StatusApiController#status(String, HttpServletRequest)
2026-10-08T12:57:16.666+09:00 DEBUG 15712 --- [free-form-janken] [io-18016-exec-2] m.m.a.RequestResponseBodyMethodProcessor : Using 'application/json', given [*/*] and supported [application/json, application/*+json]
2026-10-08T12:57:16.667+09:00 DEBUG 15712 --- [free-form-janken] [io-18016-exec-2] m.m.a.RequestResponseBodyMethodProcessor : Writing [StatusView[serverTime=2026-10-08T03:57:16.663746300Z, userState=ROOM_WAITING, currentRoomId=2d1f5452 (truncated)...]
2026-10-08T12:57:16.669+09:00 DEBUG 15712 --- [free-form-janken] [io-18016-exec-2] o.s.web.servlet.DispatcherServlet        : Completed 200 OK
2026-10-08T12:57:18.678+09:00 DEBUG 15712 --- [free-form-janken] [io-18016-exec-3] o.s.web.servlet.DispatcherServlet        : GET "/api/status", parameters={}
2026-10-08T12:57:18.678+09:00 DEBUG 15712 --- [free-form-janken] [io-18016-exec-3] s.w.s.m.m.a.RequestMappingHandlerMapping : Mapped to com.example.janken.controller.StatusApiController#status(String, HttpServletRequest)
2026-10-08T12:57:18.680+09:00 DEBUG 15712 --- [free-form-janken] [io-18016-exec-3] m.m.a.RequestResponseBodyMethodProcessor : Using 'application/json', given [*/*] and supported [application/json, application/*+json]
2026-10-08T12:57:18.680+09:00 DEBUG 15712 --- [free-form-janken] [io-18016-exec-3] m.m.a.RequestResponseBodyMethodProcessor : Writing [StatusView[serverTime=2026-10-08T03:57:18.679056100Z, userState=ROOM_NONE, currentRoomId=null, roomS (truncated)...]
2026-10-08T12:57:18.681+09:00 DEBUG 15712 --- [free-form-janken] [io-18016-exec-3] o.s.web.servlet.DispatcherServlet        : Completed 200 OK
2026-10-08T12:57:18.688+09:00 DEBUG 15712 --- [free-form-janken] [io-18016-exec-5] o.s.web.servlet.DispatcherServlet        : GET "/room", parameters={}
2026-10-08T12:57:18.689+09:00 DEBUG 15712 --- [free-form-janken] [io-18016-exec-5] s.w.s.m.m.a.RequestMappingHandlerMapping : Mapped to com.example.janken.controller.RoomController#room(HttpServletRequest, Model)
2026-10-08T12:57:18.690+09:00 DEBUG 15712 --- [free-form-janken] [io-18016-exec-5] o.s.web.servlet.view.RedirectView        : View name [redirect:], model {}
2026-10-08T12:57:18.690+09:00 DEBUG 15712 --- [free-form-janken] [io-18016-exec-5] o.s.web.servlet.DispatcherServlet        : Completed 302 FOUND
2026-10-08T12:57:18.694+09:00 DEBUG 15712 --- [free-form-janken] [io-18016-exec-4] o.s.web.servlet.DispatcherServlet        : GET "/rooms", parameters={}
2026-10-08T12:57:18.695+09:00 DEBUG 15712 --- [free-form-janken] [io-18016-exec-4] s.w.s.m.m.a.RequestMappingHandlerMapping : Mapped to com.example.janken.controller.RoomController#rooms(HttpServletRequest, Model)
2026-10-08T12:57:18.698+09:00 DEBUG 15712 --- [free-form-janken] [io-18016-exec-4] o.s.w.s.v.ContentNegotiatingViewResolver : Selected '*/*' given [*/*]
2026-10-08T12:57:18.822+09:00 DEBUG 15712 --- [free-form-janken] [io-18016-exec-4] o.s.web.servlet.DispatcherServlet        : Completed 200 OK
2026-10-08T12:57:18.826+09:00 DEBUG 15712 --- [free-form-janken] [io-18016-exec-6] o.s.web.servlet.DispatcherServlet        : GET "/api/status?matchId=9b36d576-48b9-45d0-8fd1-544171c0f429", parameters={masked}
2026-10-08T12:57:18.827+09:00 DEBUG 15712 --- [free-form-janken] [io-18016-exec-6] s.w.s.m.m.a.RequestMappingHandlerMapping : Mapped to com.example.janken.controller.StatusApiController#status(String, HttpServletRequest)
2026-10-08T12:57:18.828+09:00 DEBUG 15712 --- [free-form-janken] [io-18016-exec-6] m.m.a.RequestResponseBodyMethodProcessor : Using 'application/json', given [*/*] and supported [application/json, application/*+json]
2026-10-08T12:57:18.829+09:00 DEBUG 15712 --- [free-form-janken] [io-18016-exec-6] m.m.a.RequestResponseBodyMethodProcessor : Writing [StatusView[serverTime=2026-10-08T03:57:18.827656900Z, userState=ROOM_WAITING, currentRoomId=2d1f5452 (truncated)...]
2026-10-08T12:57:18.830+09:00 DEBUG 15712 --- [free-form-janken] [io-18016-exec-6] o.s.web.servlet.DispatcherServlet        : Completed 200 OK
2026-10-08T12:57:18.832+09:00 DEBUG 15712 --- [free-form-janken] [io-18016-exec-8] o.s.web.servlet.DispatcherServlet        : GET "/match-result?matchId=9b36d576-48b9-45d0-8fd1-544171c0f429", parameters={masked}
2026-10-08T12:57:18.833+09:00 DEBUG 15712 --- [free-form-janken] [io-18016-exec-8] s.w.s.m.m.a.RequestMappingHandlerMapping : Mapped to com.example.janken.controller.GameController#matchResult(String, HttpServletRequest, Model)
2026-10-08T12:57:18.838+09:00 DEBUG 15712 --- [free-form-janken] [io-18016-exec-8] o.s.w.s.v.ContentNegotiatingViewResolver : Selected '*/*' given [*/*]
2026-10-08T12:57:18.911+09:00 DEBUG 15712 --- [free-form-janken] [io-18016-exec-8] o.s.web.servlet.DispatcherServlet        : Completed 200 OK
